[
  {
    "slug": "voltage-divider",
    "title": "Voltage Divider",
    "description": "Calculate output voltage using input voltage and resistors R1, R2.",
    "category": "Electrical",
    "inputs": [
      {
        "label": "Vin",
        "name": "vin"
      },
      {
        "label": "R1",
        "name": "r1"
      },
      {
        "label": "R2",
        "name": "r2"
      }
    ],
    "formula": "",
    "author": "Calcolo Admin",
    "created": "2024-01-01",
    "modified": "2025-05-25",
    "seeAlso": [
      "ohms-law",
      "resistor-power"
    ],
    "content": "## Voltage Divider\nFormula: `Vout = Vin * R2 / (R1 + R2)`",
    "feedback": "Report errors to our team."
  },
  {
    "slug": "ohms-law",
    "title": "Ohm's Law",
    "description": "Calculate current from voltage and resistance.",
    "category": "Electrical",
    "inputs": [
      {
        "label": "Voltage (V)",
        "name": "voltage"
      },
      {
        "label": "Resistance (\u03a9)",
        "name": "resistance"
      }
    ],
    "formula": "",
    "author": "Calcolo Admin",
    "created": "2024-01-01",
    "modified": "2025-05-25",
    "seeAlso": [
      "voltage-divider"
    ],
    "content": "## Ohm's Law\nFormula: `I = V / R`",
    "feedback": "Let us know if this formula fails."
  },
  {
    "slug": "bmi-calculator",
    "title": "BMI Calculator",
    "description": "Calculate Body Mass Index using height and weight.",
    "category": "Health",
    "inputs": [
      {
        "label": "Weight (kg)",
        "name": "weight"
      },
      {
        "label": "Height (m)",
        "name": "height"
      }
    ],
    "formula": "",
    "author": "Calcolo Admin",
    "created": "2024-01-01",
    "modified": "2025-05-25",
    "seeAlso": [],
    "content": "## Body Mass Index\nFormula: `BMI = weight / (height^2)`",
    "feedback": "Only metric units supported for now."
  },
  {
    "slug": "tip-calculator",
    "title": "Tip Calculator",
    "description": "Calculate tip and total amount from bill and tip percent.",
    "category": "Finance",
    "inputs": [
      {
        "label": "Bill Amount",
        "name": "bill"
      },
      {
        "label": "Tip %",
        "name": "tip"
      }
    ],
    "formula": "",
    "author": "Calcolo Admin",
    "created": "2024-01-01",
    "modified": "2025-05-25",
    "seeAlso": [],
    "content": "## Tip Calculation\nFormula: `Total = bill * (1 + tip / 100)`",
    "feedback": "Round your tip manually if needed."
  },
  {
    "slug": "loan-payment",
    "title": "Loan Payment Calculator",
    "description": "Calculate monthly loan payments.",
    "category": "Finance",
    "inputs": [
      {
        "label": "Principal",
        "name": "p"
      },
      {
        "label": "Annual Rate %",
        "name": "r"
      },
      {
        "label": "Years",
        "name": "n"
      }
    ],
    "formula": "",
    "author": "Calcolo Admin",
    "created": "2024-01-01",
    "modified": "2025-05-25",
    "seeAlso": [],
    "content": "## Loan Formula\nMonthly = (P * r/12) / (1 - (1 + r/12)^(-n*12))",
    "feedback": "Interest rate must be > 0."
  },
  {
    "slug": "time-converter",
    "title": "Time Converter",
    "description": "Convert hours and minutes to total minutes.",
    "category": "Time",
    "inputs": [
      {
        "label": "Hours",
        "name": "hours"
      },
      {
        "label": "Minutes",
        "name": "minutes"
      }
    ],
    "formula": "",
    "author": "Calcolo Admin",
    "created": "2024-01-01",
    "modified": "2025-05-25",
    "seeAlso": [],
    "content": "## Time Conversion\nFormula: `total = hours * 60 + minutes`",
    "feedback": "Use integers only for best results."
  },
  {
    "slug": "calc-1",
    "title": "Sample Calculator 1",
    "description": "Auto-generated calculator #1",
    "category": "Math",
    "inputs": [
      {
        "label": "A",
        "name": "a"
      },
      {
        "label": "B",
        "name": "b"
      }
    ],
    "formula": "",
    "author": "Admin",
    "created": "2024-01-01",
    "modified": "2025-05-25",
    "seeAlso": [
      "calc-3",
      "calc-4"
    ],
    "content": "## About Calculator 1\\nThis tool performs a simple operation: A + B.",
    "feedback": "For issues, please contact support."
  },
  {
    "slug": "calc-2",
    "title": "Sample Calculator 2",
    "description": "Auto-generated calculator #2",
    "category": "Lighting",
    "inputs": [
      {
        "label": "A",
        "name": "a"
      },
      {
        "label": "B",
        "name": "b"
      }
    ],
    "formula": "",
    "author": "Admin",
    "created": "2024-01-01",
    "modified": "2025-05-25",
    "seeAlso": [
      "calc-4",
      "calc-5"
    ],
    "content": "## About Calculator 2\\nThis tool performs a simple operation: A + B.",
    "feedback": "For issues, please contact support."
  },
  {
    "slug": "calc-3",
    "title": "Sample Calculator 3",
    "description": "Auto-generated calculator #3",
    "category": "Physics",
    "inputs": [
      {
        "label": "A",
        "name": "a"
      },
      {
        "label": "B",
        "name": "b"
      }
    ],
    "formula": "",
    "author": "Admin",
    "created": "2024-01-01",
    "modified": "2025-05-25",
    "seeAlso": [
      "calc-5",
      "calc-6"
    ],
    "content": "## About Calculator 3\\nThis tool performs a simple operation: A + B.",
    "feedback": "For issues, please contact support."
  },
  {
    "slug": "calc-4",
    "title": "Sample Calculator 4",
    "description": "Auto-generated calculator #4",
    "category": "Finance",
    "inputs": [
      {
        "label": "A",
        "name": "a"
      },
      {
        "label": "B",
        "name": "b"
      }
    ],
    "formula": "",
    "author": "Admin",
    "created": "2024-01-01",
    "modified": "2025-05-25",
    "seeAlso": [
      "calc-6",
      "calc-7"
    ],
    "content": "## About Calculator 4\\nThis tool performs a simple operation: A + B.",
    "feedback": "For issues, please contact support."
  },
  {
    "slug": "calc-5",
    "title": "Sample Calculator 5",
    "description": "Auto-generated calculator #5",
    "category": "Time",
    "inputs": [
      {
        "label": "A",
        "name": "a"
      },
      {
        "label": "B",
        "name": "b"
      }
    ],
    "formula": "",
    "author": "Admin",
    "created": "2024-01-01",
    "modified": "2025-05-25",
    "seeAlso": [
      "calc-7",
      "calc-8"
    ],
    "content": "## About Calculator 5\\nThis tool performs a simple operation: A + B.",
    "feedback": "For issues, please contact support."
  },
  {
    "slug": "calc-6",
    "title": "Sample Calculator 6",
    "description": "Auto-generated calculator #6",
    "category": "Health",
    "inputs": [
      {
        "label": "A",
        "name": "a"
      },
      {
        "label": "B",
        "name": "b"
      }
    ],
    "formula": "",
    "author": "Admin",
    "created": "2024-01-01",
    "modified": "2025-05-25",
    "seeAlso": [
      "calc-8",
      "calc-9"
    ],
    "content": "## About Calculator 6\\nThis tool performs a simple operation: A + B.",
    "feedback": "For issues, please contact support."
  },
  {
    "slug": "calc-7",
    "title": "Sample Calculator 7",
    "description": "Auto-generated calculator #7",
    "category": "Grade",
    "inputs": [
      {
        "label": "A",
        "name": "a"
      },
      {
        "label": "B",
        "name": "b"
      }
    ],
    "formula": "",
    "author": "Admin",
    "created": "2024-01-01",
    "modified": "2025-05-25",
    "seeAlso": [
      "calc-9",
      "calc-10"
    ],
    "content": "## About Calculator 7\\nThis tool performs a simple operation: A + B.",
    "feedback": "For issues, please contact support."
  },
  {
    "slug": "calc-8",
    "title": "Sample Calculator 8",
    "description": "Auto-generated calculator #8",
    "category": "Wire",
    "inputs": [
      {
        "label": "A",
        "name": "a"
      },
      {
        "label": "B",
        "name": "b"
      }
    ],
    "formula": "",
    "author": "Admin",
    "created": "2024-01-01",
    "modified": "2025-05-25",
    "seeAlso": [
      "calc-10",
      "calc-11"
    ],
    "content": "## About Calculator 8\\nThis tool performs a simple operation: A + B.",
    "feedback": "For issues, please contact support."
  },
  {
    "slug": "calc-9",
    "title": "Sample Calculator 9",
    "description": "Auto-generated calculator #9",
    "category": "Online Tools",
    "inputs": [
      {
        "label": "A",
        "name": "a"
      },
      {
        "label": "B",
        "name": "b"
      }
    ],
    "formula": "",
    "author": "Admin",
    "created": "2024-01-01",
    "modified": "2025-05-25",
    "seeAlso": [
      "calc-11",
      "calc-12"
    ],
    "content": "## About Calculator 9\\nThis tool performs a simple operation: A + B.",
    "feedback": "For issues, please contact support."
  },
  {
    "slug": "calc-10",
    "title": "Sample Calculator 10",
    "description": "Auto-generated calculator #10",
    "category": "Computer",
    "inputs": [
      {
        "label": "A",
        "name": "a"
      },
      {
        "label": "B",
        "name": "b"
      }
    ],
    "formula": "",
    "author": "Admin",
    "created": "2024-01-01",
    "modified": "2025-05-25",
    "seeAlso": [
      "calc-12",
      "calc-13"
    ],
    "content": "## About Calculator 10\\nThis tool performs a simple operation: A + B.",
    "feedback": "For issues, please contact support."
  },
  {
    "slug": "calc-11",
    "title": "Sample Calculator 11",
    "description": "Auto-generated calculator #11",
    "category": "Thermal",
    "inputs": [
      {
        "label": "A",
        "name": "a"
      },
      {
        "label": "B",
        "name": "b"
      }
    ],
    "formula": "",
    "author": "Admin",
    "created": "2024-01-01",
    "modified": "2025-05-25",
    "seeAlso": [
      "calc-13",
      "calc-14"
    ],
    "content": "## About Calculator 11\\nThis tool performs a simple operation: A + B.",
    "feedback": "For issues, please contact support."
  },
  {
    "slug": "calc-12",
    "title": "Sample Calculator 12",
    "description": "Auto-generated calculator #12",
    "category": "Mechanical",
    "inputs": [
      {
        "label": "A",
        "name": "a"
      },
      {
        "label": "B",
        "name": "b"
      }
    ],
    "formula": "",
    "author": "Admin",
    "created": "2024-01-01",
    "modified": "2025-05-25",
    "seeAlso": [
      "calc-14",
      "calc-15"
    ],
    "content": "## About Calculator 12\\nThis tool performs a simple operation: A + B.",
    "feedback": "For issues, please contact support."
  },
  {
    "slug": "calc-13",
    "title": "Sample Calculator 13",
    "description": "Auto-generated calculator #13",
    "category": "Conversion",
    "inputs": [
      {
        "label": "A",
        "name": "a"
      },
      {
        "label": "B",
        "name": "b"
      }
    ],
    "formula": "",
    "author": "Admin",
    "created": "2024-01-01",
    "modified": "2025-05-25",
    "seeAlso": [
      "calc-15",
      "calc-16"
    ],
    "content": "## About Calculator 13\\nThis tool performs a simple operation: A + B.",
    "feedback": "For issues, please contact support."
  },
  {
    "slug": "calc-14",
    "title": "Sample Calculator 14",
    "description": "Auto-generated calculator #14",
    "category": "Electrical",
    "inputs": [
      {
        "label": "A",
        "name": "a"
      },
      {
        "label": "B",
        "name": "b"
      }
    ],
    "formula": "",
    "author": "Admin",
    "created": "2024-01-01",
    "modified": "2025-05-25",
    "seeAlso": [
      "calc-16",
      "calc-17"
    ],
    "content": "## About Calculator 14\\nThis tool performs a simple operation: A + B.",
    "feedback": "For issues, please contact support."
  },
  {
    "slug": "calc-15",
    "title": "Sample Calculator 15",
    "description": "Auto-generated calculator #15",
    "category": "Math",
    "inputs": [
      {
        "label": "A",
        "name": "a"
      },
      {
        "label": "B",
        "name": "b"
      }
    ],
    "formula": "",
    "author": "Admin",
    "created": "2024-01-01",
    "modified": "2025-05-25",
    "seeAlso": [
      "calc-17",
      "calc-18"
    ],
    "content": "## About Calculator 15\\nThis tool performs a simple operation: A + B.",
    "feedback": "For issues, please contact support."
  },
  {
    "slug": "calc-16",
    "title": "Sample Calculator 16",
    "description": "Auto-generated calculator #16",
    "category": "Lighting",
    "inputs": [
      {
        "label": "A",
        "name": "a"
      },
      {
        "label": "B",
        "name": "b"
      }
    ],
    "formula": "",
    "author": "Admin",
    "created": "2024-01-01",
    "modified": "2025-05-25",
    "seeAlso": [
      "calc-18",
      "calc-19"
    ],
    "content": "## About Calculator 16\\nThis tool performs a simple operation: A + B.",
    "feedback": "For issues, please contact support."
  },
  {
    "slug": "calc-17",
    "title": "Sample Calculator 17",
    "description": "Auto-generated calculator #17",
    "category": "Physics",
    "inputs": [
      {
        "label": "A",
        "name": "a"
      },
      {
        "label": "B",
        "name": "b"
      }
    ],
    "formula": "",
    "author": "Admin",
    "created": "2024-01-01",
    "modified": "2025-05-25",
    "seeAlso": [
      "calc-19",
      "calc-20"
    ],
    "content": "## About Calculator 17\\nThis tool performs a simple operation: A + B.",
    "feedback": "For issues, please contact support."
  },
  {
    "slug": "calc-18",
    "title": "Sample Calculator 18",
    "description": "Auto-generated calculator #18",
    "category": "Finance",
    "inputs": [
      {
        "label": "A",
        "name": "a"
      },
      {
        "label": "B",
        "name": "b"
      }
    ],
    "formula": "",
    "author": "Admin",
    "created": "2024-01-01",
    "modified": "2025-05-25",
    "seeAlso": [
      "calc-20",
      "calc-21"
    ],
    "content": "## About Calculator 18\\nThis tool performs a simple operation: A + B.",
    "feedback": "For issues, please contact support."
  },
  {
    "slug": "calc-19",
    "title": "Sample Calculator 19",
    "description": "Auto-generated calculator #19",
    "category": "Time",
    "inputs": [
      {
        "label": "A",
        "name": "a"
      },
      {
        "label": "B",
        "name": "b"
      }
    ],
    "formula": "",
    "author": "Admin",
    "created": "2024-01-01",
    "modified": "2025-05-25",
    "seeAlso": [
      "calc-21",
      "calc-22"
    ],
    "content": "## About Calculator 19\\nThis tool performs a simple operation: A + B.",
    "feedback": "For issues, please contact support."
  },
  {
    "slug": "calc-20",
    "title": "Sample Calculator 20",
    "description": "Auto-generated calculator #20",
    "category": "Health",
    "inputs": [
      {
        "label": "A",
        "name": "a"
      },
      {
        "label": "B",
        "name": "b"
      }
    ],
    "formula": "",
    "author": "Admin",
    "created": "2024-01-01",
    "modified": "2025-05-25",
    "seeAlso": [
      "calc-22",
      "calc-23"
    ],
    "content": "## About Calculator 20\\nThis tool performs a simple operation: A + B.",
    "feedback": "For issues, please contact support."
  },
  {
    "slug": "calc-21",
    "title": "Sample Calculator 21",
    "description": "Auto-generated calculator #21",
    "category": "Grade",
    "inputs": [
      {
        "label": "A",
        "name": "a"
      },
      {
        "label": "B",
        "name": "b"
      }
    ],
    "formula": "",
    "author": "Admin",
    "created": "2024-01-01",
    "modified": "2025-05-25",
    "seeAlso": [
      "calc-23",
      "calc-24"
    ],
    "content": "## About Calculator 21\\nThis tool performs a simple operation: A + B.",
    "feedback": "For issues, please contact support."
  },
  {
    "slug": "calc-22",
    "title": "Sample Calculator 22",
    "description": "Auto-generated calculator #22",
    "category": "Wire",
    "inputs": [
      {
        "label": "A",
        "name": "a"
      },
      {
        "label": "B",
        "name": "b"
      }
    ],
    "formula": "",
    "author": "Admin",
    "created": "2024-01-01",
    "modified": "2025-05-25",
    "seeAlso": [
      "calc-24",
      "calc-25"
    ],
    "content": "## About Calculator 22\\nThis tool performs a simple operation: A + B.",
    "feedback": "For issues, please contact support."
  },
  {
    "slug": "calc-23",
    "title": "Sample Calculator 23",
    "description": "Auto-generated calculator #23",
    "category": "Online Tools",
    "inputs": [
      {
        "label": "A",
        "name": "a"
      },
      {
        "label": "B",
        "name": "b"
      }
    ],
    "formula": "",
    "author": "Admin",
    "created": "2024-01-01",
    "modified": "2025-05-25",
    "seeAlso": [
      "calc-25",
      "calc-26"
    ],
    "content": "## About Calculator 23\\nThis tool performs a simple operation: A + B.",
    "feedback": "For issues, please contact support."
  },
  {
    "slug": "calc-24",
    "title": "Sample Calculator 24",
    "description": "Auto-generated calculator #24",
    "category": "Computer",
    "inputs": [
      {
        "label": "A",
        "name": "a"
      },
      {
        "label": "B",
        "name": "b"
      }
    ],
    "formula": "",
    "author": "Admin",
    "created": "2024-01-01",
    "modified": "2025-05-25",
    "seeAlso": [
      "calc-26",
      "calc-27"
    ],
    "content": "## About Calculator 24\\nThis tool performs a simple operation: A + B.",
    "feedback": "For issues, please contact support."
  },
  {
    "slug": "calc-25",
    "title": "Sample Calculator 25",
    "description": "Auto-generated calculator #25",
    "category": "Thermal",
    "inputs": [
      {
        "label": "A",
        "name": "a"
      },
      {
        "label": "B",
        "name": "b"
      }
    ],
    "formula": "",
    "author": "Admin",
    "created": "2024-01-01",
    "modified": "2025-05-25",
    "seeAlso": [
      "calc-27",
      "calc-28"
    ],
    "content": "## About Calculator 25\\nThis tool performs a simple operation: A + B.",
    "feedback": "For issues, please contact support."
  },
  {
    "slug": "calc-26",
    "title": "Sample Calculator 26",
    "description": "Auto-generated calculator #26",
    "category": "Mechanical",
    "inputs": [
      {
        "label": "A",
        "name": "a"
      },
      {
        "label": "B",
        "name": "b"
      }
    ],
    "formula": "",
    "author": "Admin",
    "created": "2024-01-01",
    "modified": "2025-05-25",
    "seeAlso": [
      "calc-28",
      "calc-29"
    ],
    "content": "## About Calculator 26\\nThis tool performs a simple operation: A + B.",
    "feedback": "For issues, please contact support."
  },
  {
    "slug": "calc-27",
    "title": "Sample Calculator 27",
    "description": "Auto-generated calculator #27",
    "category": "Conversion",
    "inputs": [
      {
        "label": "A",
        "name": "a"
      },
      {
        "label": "B",
        "name": "b"
      }
    ],
    "formula": "",
    "author": "Admin",
    "created": "2024-01-01",
    "modified": "2025-05-25",
    "seeAlso": [
      "calc-29",
      "calc-30"
    ],
    "content": "## About Calculator 27\\nThis tool performs a simple operation: A + B.",
    "feedback": "For issues, please contact support."
  },
  {
    "slug": "calc-28",
    "title": "Sample Calculator 28",
    "description": "Auto-generated calculator #28",
    "category": "Electrical",
    "inputs": [
      {
        "label": "A",
        "name": "a"
      },
      {
        "label": "B",
        "name": "b"
      }
    ],
    "formula": "",
    "author": "Admin",
    "created": "2024-01-01",
    "modified": "2025-05-25",
    "seeAlso": [
      "calc-30",
      "calc-31"
    ],
    "content": "## About Calculator 28\\nThis tool performs a simple operation: A + B.",
    "feedback": "For issues, please contact support."
  },
  {
    "slug": "calc-29",
    "title": "Sample Calculator 29",
    "description": "Auto-generated calculator #29",
    "category": "Math",
    "inputs": [
      {
        "label": "A",
        "name": "a"
      },
      {
        "label": "B",
        "name": "b"
      }
    ],
    "formula": "",
    "author": "Admin",
    "created": "2024-01-01",
    "modified": "2025-05-25",
    "seeAlso": [
      "calc-31",
      "calc-32"
    ],
    "content": "## About Calculator 29\\nThis tool performs a simple operation: A + B.",
    "feedback": "For issues, please contact support."
  },
  {
    "slug": "calc-30",
    "title": "Sample Calculator 30",
    "description": "Auto-generated calculator #30",
    "category": "Lighting",
    "inputs": [
      {
        "label": "A",
        "name": "a"
      },
      {
        "label": "B",
        "name": "b"
      }
    ],
    "formula": "",
    "author": "Admin",
    "created": "2024-01-01",
    "modified": "2025-05-25",
    "seeAlso": [
      "calc-32",
      "calc-33"
    ],
    "content": "## About Calculator 30\\nThis tool performs a simple operation: A + B.",
    "feedback": "For issues, please contact support."
  },
  {
    "slug": "calc-31",
    "title": "Sample Calculator 31",
    "description": "Auto-generated calculator #31",
    "category": "Physics",
    "inputs": [
      {
        "label": "A",
        "name": "a"
      },
      {
        "label": "B",
        "name": "b"
      }
    ],
    "formula": "",
    "author": "Admin",
    "created": "2024-01-01",
    "modified": "2025-05-25",
    "seeAlso": [
      "calc-33",
      "calc-34"
    ],
    "content": "## About Calculator 31\\nThis tool performs a simple operation: A + B.",
    "feedback": "For issues, please contact support."
  },
  {
    "slug": "calc-32",
    "title": "Sample Calculator 32",
    "description": "Auto-generated calculator #32",
    "category": "Finance",
    "inputs": [
      {
        "label": "A",
        "name": "a"
      },
      {
        "label": "B",
        "name": "b"
      }
    ],
    "formula": "",
    "author": "Admin",
    "created": "2024-01-01",
    "modified": "2025-05-25",
    "seeAlso": [
      "calc-34",
      "calc-35"
    ],
    "content": "## About Calculator 32\\nThis tool performs a simple operation: A + B.",
    "feedback": "For issues, please contact support."
  },
  {
    "slug": "calc-33",
    "title": "Sample Calculator 33",
    "description": "Auto-generated calculator #33",
    "category": "Time",
    "inputs": [
      {
        "label": "A",
        "name": "a"
      },
      {
        "label": "B",
        "name": "b"
      }
    ],
    "formula": "",
    "author": "Admin",
    "created": "2024-01-01",
    "modified": "2025-05-25",
    "seeAlso": [
      "calc-35",
      "calc-36"
    ],
    "content": "## About Calculator 33\\nThis tool performs a simple operation: A + B.",
    "feedback": "For issues, please contact support."
  },
  {
    "slug": "calc-34",
    "title": "Sample Calculator 34",
    "description": "Auto-generated calculator #34",
    "category": "Health",
    "inputs": [
      {
        "label": "A",
        "name": "a"
      },
      {
        "label": "B",
        "name": "b"
      }
    ],
    "formula": "",
    "author": "Admin",
    "created": "2024-01-01",
    "modified": "2025-05-25",
    "seeAlso": [
      "calc-36",
      "calc-37"
    ],
    "content": "## About Calculator 34\\nThis tool performs a simple operation: A + B.",
    "feedback": "For issues, please contact support."
  },
  {
    "slug": "calc-35",
    "title": "Sample Calculator 35",
    "description": "Auto-generated calculator #35",
    "category": "Grade",
    "inputs": [
      {
        "label": "A",
        "name": "a"
      },
      {
        "label": "B",
        "name": "b"
      }
    ],
    "formula": "",
    "author": "Admin",
    "created": "2024-01-01",
    "modified": "2025-05-25",
    "seeAlso": [
      "calc-37",
      "calc-38"
    ],
    "content": "## About Calculator 35\\nThis tool performs a simple operation: A + B.",
    "feedback": "For issues, please contact support."
  },
  {
    "slug": "calc-36",
    "title": "Sample Calculator 36",
    "description": "Auto-generated calculator #36",
    "category": "Wire",
    "inputs": [
      {
        "label": "A",
        "name": "a"
      },
      {
        "label": "B",
        "name": "b"
      }
    ],
    "formula": "",
    "author": "Admin",
    "created": "2024-01-01",
    "modified": "2025-05-25",
    "seeAlso": [
      "calc-38",
      "calc-39"
    ],
    "content": "## About Calculator 36\\nThis tool performs a simple operation: A + B.",
    "feedback": "For issues, please contact support."
  },
  {
    "slug": "calc-37",
    "title": "Sample Calculator 37",
    "description": "Auto-generated calculator #37",
    "category": "Online Tools",
    "inputs": [
      {
        "label": "A",
        "name": "a"
      },
      {
        "label": "B",
        "name": "b"
      }
    ],
    "formula": "",
    "author": "Admin",
    "created": "2024-01-01",
    "modified": "2025-05-25",
    "seeAlso": [
      "calc-39",
      "calc-40"
    ],
    "content": "## About Calculator 37\\nThis tool performs a simple operation: A + B.",
    "feedback": "For issues, please contact support."
  },
  {
    "slug": "calc-38",
    "title": "Sample Calculator 38",
    "description": "Auto-generated calculator #38",
    "category": "Computer",
    "inputs": [
      {
        "label": "A",
        "name": "a"
      },
      {
        "label": "B",
        "name": "b"
      }
    ],
    "formula": "",
    "author": "Admin",
    "created": "2024-01-01",
    "modified": "2025-05-25",
    "seeAlso": [
      "calc-40",
      "calc-41"
    ],
    "content": "## About Calculator 38\\nThis tool performs a simple operation: A + B.",
    "feedback": "For issues, please contact support."
  },
  {
    "slug": "calc-39",
    "title": "Sample Calculator 39",
    "description": "Auto-generated calculator #39",
    "category": "Thermal",
    "inputs": [
      {
        "label": "A",
        "name": "a"
      },
      {
        "label": "B",
        "name": "b"
      }
    ],
    "formula": "",
    "author": "Admin",
    "created": "2024-01-01",
    "modified": "2025-05-25",
    "seeAlso": [
      "calc-41",
      "calc-42"
    ],
    "content": "## About Calculator 39\\nThis tool performs a simple operation: A + B.",
    "feedback": "For issues, please contact support."
  },
  {
    "slug": "calc-40",
    "title": "Sample Calculator 40",
    "description": "Auto-generated calculator #40",
    "category": "Mechanical",
    "inputs": [
      {
        "label": "A",
        "name": "a"
      },
      {
        "label": "B",
        "name": "b"
      }
    ],
    "formula": "",
    "author": "Admin",
    "created": "2024-01-01",
    "modified": "2025-05-25",
    "seeAlso": [
      "calc-42",
      "calc-43"
    ],
    "content": "## About Calculator 40\\nThis tool performs a simple operation: A + B.",
    "feedback": "For issues, please contact support."
  },
  {
    "slug": "calc-41",
    "title": "Sample Calculator 41",
    "description": "Auto-generated calculator #41",
    "category": "Conversion",
    "inputs": [
      {
        "label": "A",
        "name": "a"
      },
      {
        "label": "B",
        "name": "b"
      }
    ],
    "formula": "",
    "author": "Admin",
    "created": "2024-01-01",
    "modified": "2025-05-25",
    "seeAlso": [
      "calc-43",
      "calc-44"
    ],
    "content": "## About Calculator 41\\nThis tool performs a simple operation: A + B.",
    "feedback": "For issues, please contact support."
  },
  {
    "slug": "calc-42",
    "title": "Sample Calculator 42",
    "description": "Auto-generated calculator #42",
    "category": "Electrical",
    "inputs": [
      {
        "label": "A",
        "name": "a"
      },
      {
        "label": "B",
        "name": "b"
      }
    ],
    "formula": "",
    "author": "Admin",
    "created": "2024-01-01",
    "modified": "2025-05-25",
    "seeAlso": [
      "calc-44",
      "calc-45"
    ],
    "content": "## About Calculator 42\\nThis tool performs a simple operation: A + B.",
    "feedback": "For issues, please contact support."
  },
  {
    "slug": "calc-43",
    "title": "Sample Calculator 43",
    "description": "Auto-generated calculator #43",
    "category": "Math",
    "inputs": [
      {
        "label": "A",
        "name": "a"
      },
      {
        "label": "B",
        "name": "b"
      }
    ],
    "formula": "",
    "author": "Admin",
    "created": "2024-01-01",
    "modified": "2025-05-25",
    "seeAlso": [
      "calc-45",
      "calc-46"
    ],
    "content": "## About Calculator 43\\nThis tool performs a simple operation: A + B.",
    "feedback": "For issues, please contact support."
  },
  {
    "slug": "calc-44",
    "title": "Sample Calculator 44",
    "description": "Auto-generated calculator #44",
    "category": "Lighting",
    "inputs": [
      {
        "label": "A",
        "name": "a"
      },
      {
        "label": "B",
        "name": "b"
      }
    ],
    "formula": "",
    "author": "Admin",
    "created": "2024-01-01",
    "modified": "2025-05-25",
    "seeAlso": [
      "calc-46",
      "calc-47"
    ],
    "content": "## About Calculator 44\\nThis tool performs a simple operation: A + B.",
    "feedback": "For issues, please contact support."
  },
  {
    "slug": "calc-45",
    "title": "Sample Calculator 45",
    "description": "Auto-generated calculator #45",
    "category": "Physics",
    "inputs": [
      {
        "label": "A",
        "name": "a"
      },
      {
        "label": "B",
        "name": "b"
      }
    ],
    "formula": "",
    "author": "Admin",
    "created": "2024-01-01",
    "modified": "2025-05-25",
    "seeAlso": [
      "calc-47",
      "calc-48"
    ],
    "content": "## About Calculator 45\\nThis tool performs a simple operation: A + B.",
    "feedback": "For issues, please contact support."
  },
  {
    "slug": "calc-46",
    "title": "Sample Calculator 46",
    "description": "Auto-generated calculator #46",
    "category": "Finance",
    "inputs": [
      {
        "label": "A",
        "name": "a"
      },
      {
        "label": "B",
        "name": "b"
      }
    ],
    "formula": "",
    "author": "Admin",
    "created": "2024-01-01",
    "modified": "2025-05-25",
    "seeAlso": [
      "calc-48",
      "calc-49"
    ],
    "content": "## About Calculator 46\\nThis tool performs a simple operation: A + B.",
    "feedback": "For issues, please contact support."
  },
  {
    "slug": "calc-47",
    "title": "Sample Calculator 47",
    "description": "Auto-generated calculator #47",
    "category": "Time",
    "inputs": [
      {
        "label": "A",
        "name": "a"
      },
      {
        "label": "B",
        "name": "b"
      }
    ],
    "formula": "",
    "author": "Admin",
    "created": "2024-01-01",
    "modified": "2025-05-25",
    "seeAlso": [
      "calc-49",
      "calc-50"
    ],
    "content": "## About Calculator 47\\nThis tool performs a simple operation: A + B.",
    "feedback": "For issues, please contact support."
  },
  {
    "slug": "calc-48",
    "title": "Sample Calculator 48",
    "description": "Auto-generated calculator #48",
    "category": "Health",
    "inputs": [
      {
        "label": "A",
        "name": "a"
      },
      {
        "label": "B",
        "name": "b"
      }
    ],
    "formula": "",
    "author": "Admin",
    "created": "2024-01-01",
    "modified": "2025-05-25",
    "seeAlso": [
      "calc-50",
      "calc-51"
    ],
    "content": "## About Calculator 48\\nThis tool performs a simple operation: A + B.",
    "feedback": "For issues, please contact support."
  },
  {
    "slug": "calc-49",
    "title": "Sample Calculator 49",
    "description": "Auto-generated calculator #49",
    "category": "Grade",
    "inputs": [
      {
        "label": "A",
        "name": "a"
      },
      {
        "label": "B",
        "name": "b"
      }
    ],
    "formula": "",
    "author": "Admin",
    "created": "2024-01-01",
    "modified": "2025-05-25",
    "seeAlso": [
      "calc-51",
      "calc-52"
    ],
    "content": "## About Calculator 49\\nThis tool performs a simple operation: A + B.",
    "feedback": "For issues, please contact support."
  },
  {
    "slug": "calc-50",
    "title": "Sample Calculator 50",
    "description": "Auto-generated calculator #50",
    "category": "Wire",
    "inputs": [
      {
        "label": "A",
        "name": "a"
      },
      {
        "label": "B",
        "name": "b"
      }
    ],
    "formula": "",
    "author": "Admin",
    "created": "2024-01-01",
    "modified": "2025-05-25",
    "seeAlso": [
      "calc-52",
      "calc-53"
    ],
    "content": "## About Calculator 50\\nThis tool performs a simple operation: A + B.",
    "feedback": "For issues, please contact support."
  },
  {
    "slug": "calc-51",
    "title": "Sample Calculator 51",
    "description": "Auto-generated calculator #51",
    "category": "Online Tools",
    "inputs": [
      {
        "label": "A",
        "name": "a"
      },
      {
        "label": "B",
        "name": "b"
      }
    ],
    "formula": "",
    "author": "Admin",
    "created": "2024-01-01",
    "modified": "2025-05-25",
    "seeAlso": [
      "calc-53",
      "calc-54"
    ],
    "content": "## About Calculator 51\\nThis tool performs a simple operation: A + B.",
    "feedback": "For issues, please contact support."
  },
  {
    "slug": "calc-52",
    "title": "Sample Calculator 52",
    "description": "Auto-generated calculator #52",
    "category": "Computer",
    "inputs": [
      {
        "label": "A",
        "name": "a"
      },
      {
        "label": "B",
        "name": "b"
      }
    ],
    "formula": "",
    "author": "Admin",
    "created": "2024-01-01",
    "modified": "2025-05-25",
    "seeAlso": [
      "calc-54",
      "calc-55"
    ],
    "content": "## About Calculator 52\\nThis tool performs a simple operation: A + B.",
    "feedback": "For issues, please contact support."
  },
  {
    "slug": "calc-53",
    "title": "Sample Calculator 53",
    "description": "Auto-generated calculator #53",
    "category": "Thermal",
    "inputs": [
      {
        "label": "A",
        "name": "a"
      },
      {
        "label": "B",
        "name": "b"
      }
    ],
    "formula": "",
    "author": "Admin",
    "created": "2024-01-01",
    "modified": "2025-05-25",
    "seeAlso": [
      "calc-55",
      "calc-56"
    ],
    "content": "## About Calculator 53\\nThis tool performs a simple operation: A + B.",
    "feedback": "For issues, please contact support."
  },
  {
    "slug": "calc-54",
    "title": "Sample Calculator 54",
    "description": "Auto-generated calculator #54",
    "category": "Mechanical",
    "inputs": [
      {
        "label": "A",
        "name": "a"
      },
      {
        "label": "B",
        "name": "b"
      }
    ],
    "formula": "",
    "author": "Admin",
    "created": "2024-01-01",
    "modified": "2025-05-25",
    "seeAlso": [
      "calc-56",
      "calc-57"
    ],
    "content": "## About Calculator 54\\nThis tool performs a simple operation: A + B.",
    "feedback": "For issues, please contact support."
  },
  {
    "slug": "calc-55",
    "title": "Sample Calculator 55",
    "description": "Auto-generated calculator #55",
    "category": "Conversion",
    "inputs": [
      {
        "label": "A",
        "name": "a"
      },
      {
        "label": "B",
        "name": "b"
      }
    ],
    "formula": "",
    "author": "Admin",
    "created": "2024-01-01",
    "modified": "2025-05-25",
    "seeAlso": [
      "calc-57",
      "calc-58"
    ],
    "content": "## About Calculator 55\\nThis tool performs a simple operation: A + B.",
    "feedback": "For issues, please contact support."
  },
  {
    "slug": "calc-56",
    "title": "Sample Calculator 56",
    "description": "Auto-generated calculator #56",
    "category": "Electrical",
    "inputs": [
      {
        "label": "A",
        "name": "a"
      },
      {
        "label": "B",
        "name": "b"
      }
    ],
    "formula": "",
    "author": "Admin",
    "created": "2024-01-01",
    "modified": "2025-05-25",
    "seeAlso": [
      "calc-58",
      "calc-59"
    ],
    "content": "## About Calculator 56\\nThis tool performs a simple operation: A + B.",
    "feedback": "For issues, please contact support."
  },
  {
    "slug": "calc-57",
    "title": "Sample Calculator 57",
    "description": "Auto-generated calculator #57",
    "category": "Math",
    "inputs": [
      {
        "label": "A",
        "name": "a"
      },
      {
        "label": "B",
        "name": "b"
      }
    ],
    "formula": "",
    "author": "Admin",
    "created": "2024-01-01",
    "modified": "2025-05-25",
    "seeAlso": [
      "calc-59",
      "calc-60"
    ],
    "content": "## About Calculator 57\\nThis tool performs a simple operation: A + B.",
    "feedback": "For issues, please contact support."
  },
  {
    "slug": "calc-58",
    "title": "Sample Calculator 58",
    "description": "Auto-generated calculator #58",
    "category": "Lighting",
    "inputs": [
      {
        "label": "A",
        "name": "a"
      },
      {
        "label": "B",
        "name": "b"
      }
    ],
    "formula": "",
    "author": "Admin",
    "created": "2024-01-01",
    "modified": "2025-05-25",
    "seeAlso": [
      "calc-60",
      "calc-61"
    ],
    "content": "## About Calculator 58\\nThis tool performs a simple operation: A + B.",
    "feedback": "For issues, please contact support."
  },
  {
    "slug": "calc-59",
    "title": "Sample Calculator 59",
    "description": "Auto-generated calculator #59",
    "category": "Physics",
    "inputs": [
      {
        "label": "A",
        "name": "a"
      },
      {
        "label": "B",
        "name": "b"
      }
    ],
    "formula": "",
    "author": "Admin",
    "created": "2024-01-01",
    "modified": "2025-05-25",
    "seeAlso": [
      "calc-61",
      "calc-62"
    ],
    "content": "## About Calculator 59\\nThis tool performs a simple operation: A + B.",
    "feedback": "For issues, please contact support."
  },
  {
    "slug": "calc-60",
    "title": "Sample Calculator 60",
    "description": "Auto-generated calculator #60",
    "category": "Finance",
    "inputs": [
      {
        "label": "A",
        "name": "a"
      },
      {
        "label": "B",
        "name": "b"
      }
    ],
    "formula": "",
    "author": "Admin",
    "created": "2024-01-01",
    "modified": "2025-05-25",
    "seeAlso": [
      "calc-62",
      "calc-63"
    ],
    "content": "## About Calculator 60\\nThis tool performs a simple operation: A + B.",
    "feedback": "For issues, please contact support."
  },
  {
    "slug": "calc-61",
    "title": "Sample Calculator 61",
    "description": "Auto-generated calculator #61",
    "category": "Time",
    "inputs": [
      {
        "label": "A",
        "name": "a"
      },
      {
        "label": "B",
        "name": "b"
      }
    ],
    "formula": "",
    "author": "Admin",
    "created": "2024-01-01",
    "modified": "2025-05-25",
    "seeAlso": [
      "calc-63",
      "calc-64"
    ],
    "content": "## About Calculator 61\\nThis tool performs a simple operation: A + B.",
    "feedback": "For issues, please contact support."
  },
  {
    "slug": "calc-62",
    "title": "Sample Calculator 62",
    "description": "Auto-generated calculator #62",
    "category": "Health",
    "inputs": [
      {
        "label": "A",
        "name": "a"
      },
      {
        "label": "B",
        "name": "b"
      }
    ],
    "formula": "",
    "author": "Admin",
    "created": "2024-01-01",
    "modified": "2025-05-25",
    "seeAlso": [
      "calc-64",
      "calc-65"
    ],
    "content": "## About Calculator 62\\nThis tool performs a simple operation: A + B.",
    "feedback": "For issues, please contact support."
  },
  {
    "slug": "calc-63",
    "title": "Sample Calculator 63",
    "description": "Auto-generated calculator #63",
    "category": "Grade",
    "inputs": [
      {
        "label": "A",
        "name": "a"
      },
      {
        "label": "B",
        "name": "b"
      }
    ],
    "formula": "",
    "author": "Admin",
    "created": "2024-01-01",
    "modified": "2025-05-25",
    "seeAlso": [
      "calc-65",
      "calc-66"
    ],
    "content": "## About Calculator 63\\nThis tool performs a simple operation: A + B.",
    "feedback": "For issues, please contact support."
  },
  {
    "slug": "calc-64",
    "title": "Sample Calculator 64",
    "description": "Auto-generated calculator #64",
    "category": "Wire",
    "inputs": [
      {
        "label": "A",
        "name": "a"
      },
      {
        "label": "B",
        "name": "b"
      }
    ],
    "formula": "",
    "author": "Admin",
    "created": "2024-01-01",
    "modified": "2025-05-25",
    "seeAlso": [
      "calc-66",
      "calc-67"
    ],
    "content": "## About Calculator 64\\nThis tool performs a simple operation: A + B.",
    "feedback": "For issues, please contact support."
  },
  {
    "slug": "calc-65",
    "title": "Sample Calculator 65",
    "description": "Auto-generated calculator #65",
    "category": "Online Tools",
    "inputs": [
      {
        "label": "A",
        "name": "a"
      },
      {
        "label": "B",
        "name": "b"
      }
    ],
    "formula": "",
    "author": "Admin",
    "created": "2024-01-01",
    "modified": "2025-05-25",
    "seeAlso": [
      "calc-67",
      "calc-68"
    ],
    "content": "## About Calculator 65\\nThis tool performs a simple operation: A + B.",
    "feedback": "For issues, please contact support."
  },
  {
    "slug": "calc-66",
    "title": "Sample Calculator 66",
    "description": "Auto-generated calculator #66",
    "category": "Computer",
    "inputs": [
      {
        "label": "A",
        "name": "a"
      },
      {
        "label": "B",
        "name": "b"
      }
    ],
    "formula": "",
    "author": "Admin",
    "created": "2024-01-01",
    "modified": "2025-05-25",
    "seeAlso": [
      "calc-68",
      "calc-69"
    ],
    "content": "## About Calculator 66\\nThis tool performs a simple operation: A + B.",
    "feedback": "For issues, please contact support."
  },
  {
    "slug": "calc-67",
    "title": "Sample Calculator 67",
    "description": "Auto-generated calculator #67",
    "category": "Thermal",
    "inputs": [
      {
        "label": "A",
        "name": "a"
      },
      {
        "label": "B",
        "name": "b"
      }
    ],
    "formula": "",
    "author": "Admin",
    "created": "2024-01-01",
    "modified": "2025-05-25",
    "seeAlso": [
      "calc-69",
      "calc-70"
    ],
    "content": "## About Calculator 67\\nThis tool performs a simple operation: A + B.",
    "feedback": "For issues, please contact support."
  },
  {
    "slug": "calc-68",
    "title": "Sample Calculator 68",
    "description": "Auto-generated calculator #68",
    "category": "Mechanical",
    "inputs": [
      {
        "label": "A",
        "name": "a"
      },
      {
        "label": "B",
        "name": "b"
      }
    ],
    "formula": "",
    "author": "Admin",
    "created": "2024-01-01",
    "modified": "2025-05-25",
    "seeAlso": [
      "calc-70",
      "calc-71"
    ],
    "content": "## About Calculator 68\\nThis tool performs a simple operation: A + B.",
    "feedback": "For issues, please contact support."
  },
  {
    "slug": "calc-69",
    "title": "Sample Calculator 69",
    "description": "Auto-generated calculator #69",
    "category": "Conversion",
    "inputs": [
      {
        "label": "A",
        "name": "a"
      },
      {
        "label": "B",
        "name": "b"
      }
    ],
    "formula": "",
    "author": "Admin",
    "created": "2024-01-01",
    "modified": "2025-05-25",
    "seeAlso": [
      "calc-71",
      "calc-72"
    ],
    "content": "## About Calculator 69\\nThis tool performs a simple operation: A + B.",
    "feedback": "For issues, please contact support."
  },
  {
    "slug": "calc-70",
    "title": "Sample Calculator 70",
    "description": "Auto-generated calculator #70",
    "category": "Electrical",
    "inputs": [
      {
        "label": "A",
        "name": "a"
      },
      {
        "label": "B",
        "name": "b"
      }
    ],
    "formula": "",
    "author": "Admin",
    "created": "2024-01-01",
    "modified": "2025-05-25",
    "seeAlso": [
      "calc-72",
      "calc-73"
    ],
    "content": "## About Calculator 70\\nThis tool performs a simple operation: A + B.",
    "feedback": "For issues, please contact support."
  },
  {
    "slug": "calc-71",
    "title": "Sample Calculator 71",
    "description": "Auto-generated calculator #71",
    "category": "Math",
    "inputs": [
      {
        "label": "A",
        "name": "a"
      },
      {
        "label": "B",
        "name": "b"
      }
    ],
    "formula": "",
    "author": "Admin",
    "created": "2024-01-01",
    "modified": "2025-05-25",
    "seeAlso": [
      "calc-73",
      "calc-74"
    ],
    "content": "## About Calculator 71\\nThis tool performs a simple operation: A + B.",
    "feedback": "For issues, please contact support."
  },
  {
    "slug": "calc-72",
    "title": "Sample Calculator 72",
    "description": "Auto-generated calculator #72",
    "category": "Lighting",
    "inputs": [
      {
        "label": "A",
        "name": "a"
      },
      {
        "label": "B",
        "name": "b"
      }
    ],
    "formula": "",
    "author": "Admin",
    "created": "2024-01-01",
    "modified": "2025-05-25",
    "seeAlso": [
      "calc-74",
      "calc-75"
    ],
    "content": "## About Calculator 72\\nThis tool performs a simple operation: A + B.",
    "feedback": "For issues, please contact support."
  },
  {
    "slug": "calc-73",
    "title": "Sample Calculator 73",
    "description": "Auto-generated calculator #73",
    "category": "Physics",
    "inputs": [
      {
        "label": "A",
        "name": "a"
      },
      {
        "label": "B",
        "name": "b"
      }
    ],
    "formula": "",
    "author": "Admin",
    "created": "2024-01-01",
    "modified": "2025-05-25",
    "seeAlso": [
      "calc-75",
      "calc-76"
    ],
    "content": "## About Calculator 73\\nThis tool performs a simple operation: A + B.",
    "feedback": "For issues, please contact support."
  },
  {
    "slug": "calc-74",
    "title": "Sample Calculator 74",
    "description": "Auto-generated calculator #74",
    "category": "Finance",
    "inputs": [
      {
        "label": "A",
        "name": "a"
      },
      {
        "label": "B",
        "name": "b"
      }
    ],
    "formula": "",
    "author": "Admin",
    "created": "2024-01-01",
    "modified": "2025-05-25",
    "seeAlso": [
      "calc-76",
      "calc-77"
    ],
    "content": "## About Calculator 74\\nThis tool performs a simple operation: A + B.",
    "feedback": "For issues, please contact support."
  },
  {
    "slug": "calc-75",
    "title": "Sample Calculator 75",
    "description": "Auto-generated calculator #75",
    "category": "Time",
    "inputs": [
      {
        "label": "A",
        "name": "a"
      },
      {
        "label": "B",
        "name": "b"
      }
    ],
    "formula": "",
    "author": "Admin",
    "created": "2024-01-01",
    "modified": "2025-05-25",
    "seeAlso": [
      "calc-77",
      "calc-78"
    ],
    "content": "## About Calculator 75\\nThis tool performs a simple operation: A + B.",
    "feedback": "For issues, please contact support."
  },
  {
    "slug": "calc-76",
    "title": "Sample Calculator 76",
    "description": "Auto-generated calculator #76",
    "category": "Health",
    "inputs": [
      {
        "label": "A",
        "name": "a"
      },
      {
        "label": "B",
        "name": "b"
      }
    ],
    "formula": "",
    "author": "Admin",
    "created": "2024-01-01",
    "modified": "2025-05-25",
    "seeAlso": [
      "calc-78",
      "calc-79"
    ],
    "content": "## About Calculator 76\\nThis tool performs a simple operation: A + B.",
    "feedback": "For issues, please contact support."
  },
  {
    "slug": "calc-77",
    "title": "Sample Calculator 77",
    "description": "Auto-generated calculator #77",
    "category": "Grade",
    "inputs": [
      {
        "label": "A",
        "name": "a"
      },
      {
        "label": "B",
        "name": "b"
      }
    ],
    "formula": "",
    "author": "Admin",
    "created": "2024-01-01",
    "modified": "2025-05-25",
    "seeAlso": [
      "calc-79",
      "calc-80"
    ],
    "content": "## About Calculator 77\\nThis tool performs a simple operation: A + B.",
    "feedback": "For issues, please contact support."
  },
  {
    "slug": "calc-78",
    "title": "Sample Calculator 78",
    "description": "Auto-generated calculator #78",
    "category": "Wire",
    "inputs": [
      {
        "label": "A",
        "name": "a"
      },
      {
        "label": "B",
        "name": "b"
      }
    ],
    "formula": "",
    "author": "Admin",
    "created": "2024-01-01",
    "modified": "2025-05-25",
    "seeAlso": [
      "calc-80",
      "calc-81"
    ],
    "content": "## About Calculator 78\\nThis tool performs a simple operation: A + B.",
    "feedback": "For issues, please contact support."
  },
  {
    "slug": "calc-79",
    "title": "Sample Calculator 79",
    "description": "Auto-generated calculator #79",
    "category": "Online Tools",
    "inputs": [
      {
        "label": "A",
        "name": "a"
      },
      {
        "label": "B",
        "name": "b"
      }
    ],
    "formula": "",
    "author": "Admin",
    "created": "2024-01-01",
    "modified": "2025-05-25",
    "seeAlso": [
      "calc-81",
      "calc-82"
    ],
    "content": "## About Calculator 79\\nThis tool performs a simple operation: A + B.",
    "feedback": "For issues, please contact support."
  },
  {
    "slug": "calc-80",
    "title": "Sample Calculator 80",
    "description": "Auto-generated calculator #80",
    "category": "Computer",
    "inputs": [
      {
        "label": "A",
        "name": "a"
      },
      {
        "label": "B",
        "name": "b"
      }
    ],
    "formula": "",
    "author": "Admin",
    "created": "2024-01-01",
    "modified": "2025-05-25",
    "seeAlso": [
      "calc-82",
      "calc-83"
    ],
    "content": "## About Calculator 80\\nThis tool performs a simple operation: A + B.",
    "feedback": "For issues, please contact support."
  },
  {
    "slug": "calc-81",
    "title": "Sample Calculator 81",
    "description": "Auto-generated calculator #81",
    "category": "Thermal",
    "inputs": [
      {
        "label": "A",
        "name": "a"
      },
      {
        "label": "B",
        "name": "b"
      }
    ],
    "formula": "",
    "author": "Admin",
    "created": "2024-01-01",
    "modified": "2025-05-25",
    "seeAlso": [
      "calc-83",
      "calc-84"
    ],
    "content": "## About Calculator 81\\nThis tool performs a simple operation: A + B.",
    "feedback": "For issues, please contact support."
  },
  {
    "slug": "calc-82",
    "title": "Sample Calculator 82",
    "description": "Auto-generated calculator #82",
    "category": "Mechanical",
    "inputs": [
      {
        "label": "A",
        "name": "a"
      },
      {
        "label": "B",
        "name": "b"
      }
    ],
    "formula": "",
    "author": "Admin",
    "created": "2024-01-01",
    "modified": "2025-05-25",
    "seeAlso": [
      "calc-84",
      "calc-85"
    ],
    "content": "## About Calculator 82\\nThis tool performs a simple operation: A + B.",
    "feedback": "For issues, please contact support."
  },
  {
    "slug": "calc-83",
    "title": "Sample Calculator 83",
    "description": "Auto-generated calculator #83",
    "category": "Conversion",
    "inputs": [
      {
        "label": "A",
        "name": "a"
      },
      {
        "label": "B",
        "name": "b"
      }
    ],
    "formula": "",
    "author": "Admin",
    "created": "2024-01-01",
    "modified": "2025-05-25",
    "seeAlso": [
      "calc-85",
      "calc-86"
    ],
    "content": "## About Calculator 83\\nThis tool performs a simple operation: A + B.",
    "feedback": "For issues, please contact support."
  },
  {
    "slug": "calc-84",
    "title": "Sample Calculator 84",
    "description": "Auto-generated calculator #84",
    "category": "Electrical",
    "inputs": [
      {
        "label": "A",
        "name": "a"
      },
      {
        "label": "B",
        "name": "b"
      }
    ],
    "formula": "",
    "author": "Admin",
    "created": "2024-01-01",
    "modified": "2025-05-25",
    "seeAlso": [
      "calc-86",
      "calc-87"
    ],
    "content": "## About Calculator 84\\nThis tool performs a simple operation: A + B.",
    "feedback": "For issues, please contact support."
  },
  {
    "slug": "calc-85",
    "title": "Sample Calculator 85",
    "description": "Auto-generated calculator #85",
    "category": "Math",
    "inputs": [
      {
        "label": "A",
        "name": "a"
      },
      {
        "label": "B",
        "name": "b"
      }
    ],
    "formula": "",
    "author": "Admin",
    "created": "2024-01-01",
    "modified": "2025-05-25",
    "seeAlso": [
      "calc-87",
      "calc-88"
    ],
    "content": "## About Calculator 85\\nThis tool performs a simple operation: A + B.",
    "feedback": "For issues, please contact support."
  },
  {
    "slug": "calc-86",
    "title": "Sample Calculator 86",
    "description": "Auto-generated calculator #86",
    "category": "Lighting",
    "inputs": [
      {
        "label": "A",
        "name": "a"
      },
      {
        "label": "B",
        "name": "b"
      }
    ],
    "formula": "",
    "author": "Admin",
    "created": "2024-01-01",
    "modified": "2025-05-25",
    "seeAlso": [
      "calc-88",
      "calc-89"
    ],
    "content": "## About Calculator 86\\nThis tool performs a simple operation: A + B.",
    "feedback": "For issues, please contact support."
  },
  {
    "slug": "calc-87",
    "title": "Sample Calculator 87",
    "description": "Auto-generated calculator #87",
    "category": "Physics",
    "inputs": [
      {
        "label": "A",
        "name": "a"
      },
      {
        "label": "B",
        "name": "b"
      }
    ],
    "formula": "",
    "author": "Admin",
    "created": "2024-01-01",
    "modified": "2025-05-25",
    "seeAlso": [
      "calc-89",
      "calc-90"
    ],
    "content": "## About Calculator 87\\nThis tool performs a simple operation: A + B.",
    "feedback": "For issues, please contact support."
  },
  {
    "slug": "calc-88",
    "title": "Sample Calculator 88",
    "description": "Auto-generated calculator #88",
    "category": "Finance",
    "inputs": [
      {
        "label": "A",
        "name": "a"
      },
      {
        "label": "B",
        "name": "b"
      }
    ],
    "formula": "",
    "author": "Admin",
    "created": "2024-01-01",
    "modified": "2025-05-25",
    "seeAlso": [
      "calc-90",
      "calc-91"
    ],
    "content": "## About Calculator 88\\nThis tool performs a simple operation: A + B.",
    "feedback": "For issues, please contact support."
  },
  {
    "slug": "calc-89",
    "title": "Sample Calculator 89",
    "description": "Auto-generated calculator #89",
    "category": "Time",
    "inputs": [
      {
        "label": "A",
        "name": "a"
      },
      {
        "label": "B",
        "name": "b"
      }
    ],
    "formula": "",
    "author": "Admin",
    "created": "2024-01-01",
    "modified": "2025-05-25",
    "seeAlso": [
      "calc-91",
      "calc-92"
    ],
    "content": "## About Calculator 89\\nThis tool performs a simple operation: A + B.",
    "feedback": "For issues, please contact support."
  },
  {
    "slug": "calc-90",
    "title": "Sample Calculator 90",
    "description": "Auto-generated calculator #90",
    "category": "Health",
    "inputs": [
      {
        "label": "A",
        "name": "a"
      },
      {
        "label": "B",
        "name": "b"
      }
    ],
    "formula": "",
    "author": "Admin",
    "created": "2024-01-01",
    "modified": "2025-05-25",
    "seeAlso": [
      "calc-92",
      "calc-93"
    ],
    "content": "## About Calculator 90\\nThis tool performs a simple operation: A + B.",
    "feedback": "For issues, please contact support."
  },
  {
    "slug": "calc-91",
    "title": "Sample Calculator 91",
    "description": "Auto-generated calculator #91",
    "category": "Grade",
    "inputs": [
      {
        "label": "A",
        "name": "a"
      },
      {
        "label": "B",
        "name": "b"
      }
    ],
    "formula": "",
    "author": "Admin",
    "created": "2024-01-01",
    "modified": "2025-05-25",
    "seeAlso": [
      "calc-93",
      "calc-94"
    ],
    "content": "## About Calculator 91\\nThis tool performs a simple operation: A + B.",
    "feedback": "For issues, please contact support."
  },
  {
    "slug": "calc-92",
    "title": "Sample Calculator 92",
    "description": "Auto-generated calculator #92",
    "category": "Wire",
    "inputs": [
      {
        "label": "A",
        "name": "a"
      },
      {
        "label": "B",
        "name": "b"
      }
    ],
    "formula": "",
    "author": "Admin",
    "created": "2024-01-01",
    "modified": "2025-05-25",
    "seeAlso": [
      "calc-94",
      "calc-95"
    ],
    "content": "## About Calculator 92\\nThis tool performs a simple operation: A + B.",
    "feedback": "For issues, please contact support."
  },
  {
    "slug": "calc-93",
    "title": "Sample Calculator 93",
    "description": "Auto-generated calculator #93",
    "category": "Online Tools",
    "inputs": [
      {
        "label": "A",
        "name": "a"
      },
      {
        "label": "B",
        "name": "b"
      }
    ],
    "formula": "",
    "author": "Admin",
    "created": "2024-01-01",
    "modified": "2025-05-25",
    "seeAlso": [
      "calc-95",
      "calc-96"
    ],
    "content": "## About Calculator 93\\nThis tool performs a simple operation: A + B.",
    "feedback": "For issues, please contact support."
  },
  {
    "slug": "calc-94",
    "title": "Sample Calculator 94",
    "description": "Auto-generated calculator #94",
    "category": "Computer",
    "inputs": [
      {
        "label": "A",
        "name": "a"
      },
      {
        "label": "B",
        "name": "b"
      }
    ],
    "formula": "",
    "author": "Admin",
    "created": "2024-01-01",
    "modified": "2025-05-25",
    "seeAlso": [
      "calc-96",
      "calc-97"
    ],
    "content": "## About Calculator 94\\nThis tool performs a simple operation: A + B.",
    "feedback": "For issues, please contact support."
  },
  {
    "slug": "calc-95",
    "title": "Sample Calculator 95",
    "description": "Auto-generated calculator #95",
    "category": "Thermal",
    "inputs": [
      {
        "label": "A",
        "name": "a"
      },
      {
        "label": "B",
        "name": "b"
      }
    ],
    "formula": "",
    "author": "Admin",
    "created": "2024-01-01",
    "modified": "2025-05-25",
    "seeAlso": [
      "calc-97",
      "calc-98"
    ],
    "content": "## About Calculator 95\\nThis tool performs a simple operation: A + B.",
    "feedback": "For issues, please contact support."
  },
  {
    "slug": "calc-96",
    "title": "Sample Calculator 96",
    "description": "Auto-generated calculator #96",
    "category": "Mechanical",
    "inputs": [
      {
        "label": "A",
        "name": "a"
      },
      {
        "label": "B",
        "name": "b"
      }
    ],
    "formula": "",
    "author": "Admin",
    "created": "2024-01-01",
    "modified": "2025-05-25",
    "seeAlso": [
      "calc-98",
      "calc-99"
    ],
    "content": "## About Calculator 96\\nThis tool performs a simple operation: A + B.",
    "feedback": "For issues, please contact support."
  },
  {
    "slug": "calc-97",
    "title": "Sample Calculator 97",
    "description": "Auto-generated calculator #97",
    "category": "Conversion",
    "inputs": [
      {
        "label": "A",
        "name": "a"
      },
      {
        "label": "B",
        "name": "b"
      }
    ],
    "formula": "",
    "author": "Admin",
    "created": "2024-01-01",
    "modified": "2025-05-25",
    "seeAlso": [
      "calc-99",
      "calc-100"
    ],
    "content": "## About Calculator 97\\nThis tool performs a simple operation: A + B.",
    "feedback": "For issues, please contact support."
  },
  {
    "slug": "calc-98",
    "title": "Sample Calculator 98",
    "description": "Auto-generated calculator #98",
    "category": "Electrical",
    "inputs": [
      {
        "label": "A",
        "name": "a"
      },
      {
        "label": "B",
        "name": "b"
      }
    ],
    "formula": "",
    "author": "Admin",
    "created": "2024-01-01",
    "modified": "2025-05-25",
    "seeAlso": [
      "calc-100",
      "calc-1"
    ],
    "content": "## About Calculator 98\\nThis tool performs a simple operation: A + B.",
    "feedback": "For issues, please contact support."
  },
  {
    "slug": "calc-99",
    "title": "Sample Calculator 99",
    "description": "Auto-generated calculator #99",
    "category": "Math",
    "inputs": [
      {
        "label": "A",
        "name": "a"
      },
      {
        "label": "B",
        "name": "b"
      }
    ],
    "formula": "",
    "author": "Admin",
    "created": "2024-01-01",
    "modified": "2025-05-25",
    "seeAlso": [
      "calc-1",
      "calc-2"
    ],
    "content": "## About Calculator 99\\nThis tool performs a simple operation: A + B.",
    "feedback": "For issues, please contact support."
  },
  {
    "slug": "calc-100",
    "title": "Sample Calculator 100",
    "description": "Auto-generated calculator #100",
    "category": "Lighting",
    "inputs": [
      {
        "label": "A",
        "name": "a"
      },
      {
        "label": "B",
        "name": "b"
      }
    ],
    "formula": "",
    "author": "Admin",
    "created": "2024-01-01",
    "modified": "2025-05-25",
    "seeAlso": [
      "calc-2",
      "calc-3"
    ],
    "content": "## About Calculator 100\\nThis tool performs a simple operation: A + B.",
    "feedback": "For issues, please contact support."
  }
]