[
  {
    "slug": "calc-1",
    "title": "Sample Calculator 1",
    "description": "This is an autogenerated calculator for demo #1",
    "category": "Mechanical",
    "inputs": [
      {
        "label": "A",
        "name": "a"
      },
      {
        "label": "B",
        "name": "b"
      }
    ],
    "formula": "",
    "author": "Admin",
    "created": "2024-01-01",
    "modified": "2024-05-25",
    "seeAlso": [
      "calc-2",
      "calc-3"
    ],
    "content": "## About this calculator\\nThis tool is useful for computing example #1.",
    "feedback": "If you found an issue, please report it."
  },
  {
    "slug": "calc-2",
    "title": "Sample Calculator 2",
    "description": "This is an autogenerated calculator for demo #2",
    "category": "Computer",
    "inputs": [
      {
        "label": "A",
        "name": "a"
      },
      {
        "label": "B",
        "name": "b"
      }
    ],
    "formula": "",
    "author": "Admin",
    "created": "2024-01-01",
    "modified": "2024-05-25",
    "seeAlso": [
      "calc-3",
      "calc-4"
    ],
    "content": "## About this calculator\\nThis tool is useful for computing example #2.",
    "feedback": "If you found an issue, please report it."
  },
  {
    "slug": "calc-3",
    "title": "Sample Calculator 3",
    "description": "This is an autogenerated calculator for demo #3",
    "category": "Electrical",
    "inputs": [
      {
        "label": "A",
        "name": "a"
      },
      {
        "label": "B",
        "name": "b"
      }
    ],
    "formula": "",
    "author": "Admin",
    "created": "2024-01-01",
    "modified": "2024-05-25",
    "seeAlso": [
      "calc-4",
      "calc-5"
    ],
    "content": "## About this calculator\\nThis tool is useful for computing example #3.",
    "feedback": "If you found an issue, please report it."
  },
  {
    "slug": "calc-4",
    "title": "Sample Calculator 4",
    "description": "This is an autogenerated calculator for demo #4",
    "category": "Health",
    "inputs": [
      {
        "label": "A",
        "name": "a"
      },
      {
        "label": "B",
        "name": "b"
      }
    ],
    "formula": "",
    "author": "Admin",
    "created": "2024-01-01",
    "modified": "2024-05-25",
    "seeAlso": [
      "calc-5",
      "calc-6"
    ],
    "content": "## About this calculator\\nThis tool is useful for computing example #4.",
    "feedback": "If you found an issue, please report it."
  },
  {
    "slug": "calc-5",
    "title": "Sample Calculator 5",
    "description": "This is an autogenerated calculator for demo #5",
    "category": "Wire",
    "inputs": [
      {
        "label": "A",
        "name": "a"
      },
      {
        "label": "B",
        "name": "b"
      }
    ],
    "formula": "",
    "author": "Admin",
    "created": "2024-01-01",
    "modified": "2024-05-25",
    "seeAlso": [
      "calc-6",
      "calc-7"
    ],
    "content": "## About this calculator\\nThis tool is useful for computing example #5.",
    "feedback": "If you found an issue, please report it."
  },
  {
    "slug": "calc-6",
    "title": "Sample Calculator 6",
    "description": "This is an autogenerated calculator for demo #6",
    "category": "Electrical",
    "inputs": [
      {
        "label": "A",
        "name": "a"
      },
      {
        "label": "B",
        "name": "b"
      }
    ],
    "formula": "",
    "author": "Admin",
    "created": "2024-01-01",
    "modified": "2024-05-25",
    "seeAlso": [
      "calc-7",
      "calc-8"
    ],
    "content": "## About this calculator\\nThis tool is useful for computing example #6.",
    "feedback": "If you found an issue, please report it."
  },
  {
    "slug": "calc-7",
    "title": "Sample Calculator 7",
    "description": "This is an autogenerated calculator for demo #7",
    "category": "Time",
    "inputs": [
      {
        "label": "A",
        "name": "a"
      },
      {
        "label": "B",
        "name": "b"
      }
    ],
    "formula": "",
    "author": "Admin",
    "created": "2024-01-01",
    "modified": "2024-05-25",
    "seeAlso": [
      "calc-8",
      "calc-9"
    ],
    "content": "## About this calculator\\nThis tool is useful for computing example #7.",
    "feedback": "If you found an issue, please report it."
  },
  {
    "slug": "calc-8",
    "title": "Sample Calculator 8",
    "description": "This is an autogenerated calculator for demo #8",
    "category": "Lighting",
    "inputs": [
      {
        "label": "A",
        "name": "a"
      },
      {
        "label": "B",
        "name": "b"
      }
    ],
    "formula": "",
    "author": "Admin",
    "created": "2024-01-01",
    "modified": "2024-05-25",
    "seeAlso": [
      "calc-9",
      "calc-10"
    ],
    "content": "## About this calculator\\nThis tool is useful for computing example #8.",
    "feedback": "If you found an issue, please report it."
  },
  {
    "slug": "calc-9",
    "title": "Sample Calculator 9",
    "description": "This is an autogenerated calculator for demo #9",
    "category": "Time",
    "inputs": [
      {
        "label": "A",
        "name": "a"
      },
      {
        "label": "B",
        "name": "b"
      }
    ],
    "formula": "",
    "author": "Admin",
    "created": "2024-01-01",
    "modified": "2024-05-25",
    "seeAlso": [
      "calc-10",
      "calc-11"
    ],
    "content": "## About this calculator\\nThis tool is useful for computing example #9.",
    "feedback": "If you found an issue, please report it."
  },
  {
    "slug": "calc-10",
    "title": "Sample Calculator 10",
    "description": "This is an autogenerated calculator for demo #10",
    "category": "Time",
    "inputs": [
      {
        "label": "A",
        "name": "a"
      },
      {
        "label": "B",
        "name": "b"
      }
    ],
    "formula": "",
    "author": "Admin",
    "created": "2024-01-01",
    "modified": "2024-05-25",
    "seeAlso": [
      "calc-11",
      "calc-12"
    ],
    "content": "## About this calculator\\nThis tool is useful for computing example #10.",
    "feedback": "If you found an issue, please report it."
  },
  {
    "slug": "calc-11",
    "title": "Sample Calculator 11",
    "description": "This is an autogenerated calculator for demo #11",
    "category": "Health",
    "inputs": [
      {
        "label": "A",
        "name": "a"
      },
      {
        "label": "B",
        "name": "b"
      }
    ],
    "formula": "",
    "author": "Admin",
    "created": "2024-01-01",
    "modified": "2024-05-25",
    "seeAlso": [
      "calc-12",
      "calc-13"
    ],
    "content": "## About this calculator\\nThis tool is useful for computing example #11.",
    "feedback": "If you found an issue, please report it."
  },
  {
    "slug": "calc-12",
    "title": "Sample Calculator 12",
    "description": "This is an autogenerated calculator for demo #12",
    "category": "Time",
    "inputs": [
      {
        "label": "A",
        "name": "a"
      },
      {
        "label": "B",
        "name": "b"
      }
    ],
    "formula": "",
    "author": "Admin",
    "created": "2024-01-01",
    "modified": "2024-05-25",
    "seeAlso": [
      "calc-13",
      "calc-14"
    ],
    "content": "## About this calculator\\nThis tool is useful for computing example #12.",
    "feedback": "If you found an issue, please report it."
  },
  {
    "slug": "calc-13",
    "title": "Sample Calculator 13",
    "description": "This is an autogenerated calculator for demo #13",
    "category": "Grade",
    "inputs": [
      {
        "label": "A",
        "name": "a"
      },
      {
        "label": "B",
        "name": "b"
      }
    ],
    "formula": "",
    "author": "Admin",
    "created": "2024-01-01",
    "modified": "2024-05-25",
    "seeAlso": [
      "calc-14",
      "calc-15"
    ],
    "content": "## About this calculator\\nThis tool is useful for computing example #13.",
    "feedback": "If you found an issue, please report it."
  },
  {
    "slug": "calc-14",
    "title": "Sample Calculator 14",
    "description": "This is an autogenerated calculator for demo #14",
    "category": "Mechanical",
    "inputs": [
      {
        "label": "A",
        "name": "a"
      },
      {
        "label": "B",
        "name": "b"
      }
    ],
    "formula": "",
    "author": "Admin",
    "created": "2024-01-01",
    "modified": "2024-05-25",
    "seeAlso": [
      "calc-15",
      "calc-16"
    ],
    "content": "## About this calculator\\nThis tool is useful for computing example #14.",
    "feedback": "If you found an issue, please report it."
  },
  {
    "slug": "calc-15",
    "title": "Sample Calculator 15",
    "description": "This is an autogenerated calculator for demo #15",
    "category": "Health",
    "inputs": [
      {
        "label": "A",
        "name": "a"
      },
      {
        "label": "B",
        "name": "b"
      }
    ],
    "formula": "",
    "author": "Admin",
    "created": "2024-01-01",
    "modified": "2024-05-25",
    "seeAlso": [
      "calc-16",
      "calc-17"
    ],
    "content": "## About this calculator\\nThis tool is useful for computing example #15.",
    "feedback": "If you found an issue, please report it."
  },
  {
    "slug": "calc-16",
    "title": "Sample Calculator 16",
    "description": "This is an autogenerated calculator for demo #16",
    "category": "Conversion",
    "inputs": [
      {
        "label": "A",
        "name": "a"
      },
      {
        "label": "B",
        "name": "b"
      }
    ],
    "formula": "",
    "author": "Admin",
    "created": "2024-01-01",
    "modified": "2024-05-25",
    "seeAlso": [
      "calc-17",
      "calc-18"
    ],
    "content": "## About this calculator\\nThis tool is useful for computing example #16.",
    "feedback": "If you found an issue, please report it."
  },
  {
    "slug": "calc-17",
    "title": "Sample Calculator 17",
    "description": "This is an autogenerated calculator for demo #17",
    "category": "Grade",
    "inputs": [
      {
        "label": "A",
        "name": "a"
      },
      {
        "label": "B",
        "name": "b"
      }
    ],
    "formula": "",
    "author": "Admin",
    "created": "2024-01-01",
    "modified": "2024-05-25",
    "seeAlso": [
      "calc-18",
      "calc-19"
    ],
    "content": "## About this calculator\\nThis tool is useful for computing example #17.",
    "feedback": "If you found an issue, please report it."
  },
  {
    "slug": "calc-18",
    "title": "Sample Calculator 18",
    "description": "This is an autogenerated calculator for demo #18",
    "category": "Computer",
    "inputs": [
      {
        "label": "A",
        "name": "a"
      },
      {
        "label": "B",
        "name": "b"
      }
    ],
    "formula": "",
    "author": "Admin",
    "created": "2024-01-01",
    "modified": "2024-05-25",
    "seeAlso": [
      "calc-19",
      "calc-20"
    ],
    "content": "## About this calculator\\nThis tool is useful for computing example #18.",
    "feedback": "If you found an issue, please report it."
  },
  {
    "slug": "calc-19",
    "title": "Sample Calculator 19",
    "description": "This is an autogenerated calculator for demo #19",
    "category": "Math",
    "inputs": [
      {
        "label": "A",
        "name": "a"
      },
      {
        "label": "B",
        "name": "b"
      }
    ],
    "formula": "",
    "author": "Admin",
    "created": "2024-01-01",
    "modified": "2024-05-25",
    "seeAlso": [
      "calc-20",
      "calc-21"
    ],
    "content": "## About this calculator\\nThis tool is useful for computing example #19.",
    "feedback": "If you found an issue, please report it."
  },
  {
    "slug": "calc-20",
    "title": "Sample Calculator 20",
    "description": "This is an autogenerated calculator for demo #20",
    "category": "Thermal",
    "inputs": [
      {
        "label": "A",
        "name": "a"
      },
      {
        "label": "B",
        "name": "b"
      }
    ],
    "formula": "",
    "author": "Admin",
    "created": "2024-01-01",
    "modified": "2024-05-25",
    "seeAlso": [
      "calc-21",
      "calc-22"
    ],
    "content": "## About this calculator\\nThis tool is useful for computing example #20.",
    "feedback": "If you found an issue, please report it."
  },
  {
    "slug": "calc-21",
    "title": "Sample Calculator 21",
    "description": "This is an autogenerated calculator for demo #21",
    "category": "Conversion",
    "inputs": [
      {
        "label": "A",
        "name": "a"
      },
      {
        "label": "B",
        "name": "b"
      }
    ],
    "formula": "",
    "author": "Admin",
    "created": "2024-01-01",
    "modified": "2024-05-25",
    "seeAlso": [
      "calc-22",
      "calc-23"
    ],
    "content": "## About this calculator\\nThis tool is useful for computing example #21.",
    "feedback": "If you found an issue, please report it."
  },
  {
    "slug": "calc-22",
    "title": "Sample Calculator 22",
    "description": "This is an autogenerated calculator for demo #22",
    "category": "Finance",
    "inputs": [
      {
        "label": "A",
        "name": "a"
      },
      {
        "label": "B",
        "name": "b"
      }
    ],
    "formula": "",
    "author": "Admin",
    "created": "2024-01-01",
    "modified": "2024-05-25",
    "seeAlso": [
      "calc-23",
      "calc-24"
    ],
    "content": "## About this calculator\\nThis tool is useful for computing example #22.",
    "feedback": "If you found an issue, please report it."
  },
  {
    "slug": "calc-23",
    "title": "Sample Calculator 23",
    "description": "This is an autogenerated calculator for demo #23",
    "category": "Thermal",
    "inputs": [
      {
        "label": "A",
        "name": "a"
      },
      {
        "label": "B",
        "name": "b"
      }
    ],
    "formula": "",
    "author": "Admin",
    "created": "2024-01-01",
    "modified": "2024-05-25",
    "seeAlso": [
      "calc-24",
      "calc-25"
    ],
    "content": "## About this calculator\\nThis tool is useful for computing example #23.",
    "feedback": "If you found an issue, please report it."
  },
  {
    "slug": "calc-24",
    "title": "Sample Calculator 24",
    "description": "This is an autogenerated calculator for demo #24",
    "category": "Conversion",
    "inputs": [
      {
        "label": "A",
        "name": "a"
      },
      {
        "label": "B",
        "name": "b"
      }
    ],
    "formula": "",
    "author": "Admin",
    "created": "2024-01-01",
    "modified": "2024-05-25",
    "seeAlso": [
      "calc-25",
      "calc-26"
    ],
    "content": "## About this calculator\\nThis tool is useful for computing example #24.",
    "feedback": "If you found an issue, please report it."
  },
  {
    "slug": "calc-25",
    "title": "Sample Calculator 25",
    "description": "This is an autogenerated calculator for demo #25",
    "category": "Time",
    "inputs": [
      {
        "label": "A",
        "name": "a"
      },
      {
        "label": "B",
        "name": "b"
      }
    ],
    "formula": "",
    "author": "Admin",
    "created": "2024-01-01",
    "modified": "2024-05-25",
    "seeAlso": [
      "calc-26",
      "calc-27"
    ],
    "content": "## About this calculator\\nThis tool is useful for computing example #25.",
    "feedback": "If you found an issue, please report it."
  },
  {
    "slug": "calc-26",
    "title": "Sample Calculator 26",
    "description": "This is an autogenerated calculator for demo #26",
    "category": "Computer",
    "inputs": [
      {
        "label": "A",
        "name": "a"
      },
      {
        "label": "B",
        "name": "b"
      }
    ],
    "formula": "",
    "author": "Admin",
    "created": "2024-01-01",
    "modified": "2024-05-25",
    "seeAlso": [
      "calc-27",
      "calc-28"
    ],
    "content": "## About this calculator\\nThis tool is useful for computing example #26.",
    "feedback": "If you found an issue, please report it."
  },
  {
    "slug": "calc-27",
    "title": "Sample Calculator 27",
    "description": "This is an autogenerated calculator for demo #27",
    "category": "Health",
    "inputs": [
      {
        "label": "A",
        "name": "a"
      },
      {
        "label": "B",
        "name": "b"
      }
    ],
    "formula": "",
    "author": "Admin",
    "created": "2024-01-01",
    "modified": "2024-05-25",
    "seeAlso": [
      "calc-28",
      "calc-29"
    ],
    "content": "## About this calculator\\nThis tool is useful for computing example #27.",
    "feedback": "If you found an issue, please report it."
  },
  {
    "slug": "calc-28",
    "title": "Sample Calculator 28",
    "description": "This is an autogenerated calculator for demo #28",
    "category": "Finance",
    "inputs": [
      {
        "label": "A",
        "name": "a"
      },
      {
        "label": "B",
        "name": "b"
      }
    ],
    "formula": "",
    "author": "Admin",
    "created": "2024-01-01",
    "modified": "2024-05-25",
    "seeAlso": [
      "calc-29",
      "calc-30"
    ],
    "content": "## About this calculator\\nThis tool is useful for computing example #28.",
    "feedback": "If you found an issue, please report it."
  },
  {
    "slug": "calc-29",
    "title": "Sample Calculator 29",
    "description": "This is an autogenerated calculator for demo #29",
    "category": "Thermal",
    "inputs": [
      {
        "label": "A",
        "name": "a"
      },
      {
        "label": "B",
        "name": "b"
      }
    ],
    "formula": "",
    "author": "Admin",
    "created": "2024-01-01",
    "modified": "2024-05-25",
    "seeAlso": [
      "calc-30",
      "calc-31"
    ],
    "content": "## About this calculator\\nThis tool is useful for computing example #29.",
    "feedback": "If you found an issue, please report it."
  },
  {
    "slug": "calc-30",
    "title": "Sample Calculator 30",
    "description": "This is an autogenerated calculator for demo #30",
    "category": "Finance",
    "inputs": [
      {
        "label": "A",
        "name": "a"
      },
      {
        "label": "B",
        "name": "b"
      }
    ],
    "formula": "",
    "author": "Admin",
    "created": "2024-01-01",
    "modified": "2024-05-25",
    "seeAlso": [
      "calc-31",
      "calc-32"
    ],
    "content": "## About this calculator\\nThis tool is useful for computing example #30.",
    "feedback": "If you found an issue, please report it."
  },
  {
    "slug": "calc-31",
    "title": "Sample Calculator 31",
    "description": "This is an autogenerated calculator for demo #31",
    "category": "Physics",
    "inputs": [
      {
        "label": "A",
        "name": "a"
      },
      {
        "label": "B",
        "name": "b"
      }
    ],
    "formula": "",
    "author": "Admin",
    "created": "2024-01-01",
    "modified": "2024-05-25",
    "seeAlso": [
      "calc-32",
      "calc-33"
    ],
    "content": "## About this calculator\\nThis tool is useful for computing example #31.",
    "feedback": "If you found an issue, please report it."
  },
  {
    "slug": "calc-32",
    "title": "Sample Calculator 32",
    "description": "This is an autogenerated calculator for demo #32",
    "category": "Online Tools",
    "inputs": [
      {
        "label": "A",
        "name": "a"
      },
      {
        "label": "B",
        "name": "b"
      }
    ],
    "formula": "",
    "author": "Admin",
    "created": "2024-01-01",
    "modified": "2024-05-25",
    "seeAlso": [
      "calc-33",
      "calc-34"
    ],
    "content": "## About this calculator\\nThis tool is useful for computing example #32.",
    "feedback": "If you found an issue, please report it."
  },
  {
    "slug": "calc-33",
    "title": "Sample Calculator 33",
    "description": "This is an autogenerated calculator for demo #33",
    "category": "Time",
    "inputs": [
      {
        "label": "A",
        "name": "a"
      },
      {
        "label": "B",
        "name": "b"
      }
    ],
    "formula": "",
    "author": "Admin",
    "created": "2024-01-01",
    "modified": "2024-05-25",
    "seeAlso": [
      "calc-34",
      "calc-35"
    ],
    "content": "## About this calculator\\nThis tool is useful for computing example #33.",
    "feedback": "If you found an issue, please report it."
  },
  {
    "slug": "calc-34",
    "title": "Sample Calculator 34",
    "description": "This is an autogenerated calculator for demo #34",
    "category": "Mechanical",
    "inputs": [
      {
        "label": "A",
        "name": "a"
      },
      {
        "label": "B",
        "name": "b"
      }
    ],
    "formula": "",
    "author": "Admin",
    "created": "2024-01-01",
    "modified": "2024-05-25",
    "seeAlso": [
      "calc-35",
      "calc-36"
    ],
    "content": "## About this calculator\\nThis tool is useful for computing example #34.",
    "feedback": "If you found an issue, please report it."
  },
  {
    "slug": "calc-35",
    "title": "Sample Calculator 35",
    "description": "This is an autogenerated calculator for demo #35",
    "category": "Online Tools",
    "inputs": [
      {
        "label": "A",
        "name": "a"
      },
      {
        "label": "B",
        "name": "b"
      }
    ],
    "formula": "",
    "author": "Admin",
    "created": "2024-01-01",
    "modified": "2024-05-25",
    "seeAlso": [
      "calc-36",
      "calc-37"
    ],
    "content": "## About this calculator\\nThis tool is useful for computing example #35.",
    "feedback": "If you found an issue, please report it."
  },
  {
    "slug": "calc-36",
    "title": "Sample Calculator 36",
    "description": "This is an autogenerated calculator for demo #36",
    "category": "Mechanical",
    "inputs": [
      {
        "label": "A",
        "name": "a"
      },
      {
        "label": "B",
        "name": "b"
      }
    ],
    "formula": "",
    "author": "Admin",
    "created": "2024-01-01",
    "modified": "2024-05-25",
    "seeAlso": [
      "calc-37",
      "calc-38"
    ],
    "content": "## About this calculator\\nThis tool is useful for computing example #36.",
    "feedback": "If you found an issue, please report it."
  },
  {
    "slug": "calc-37",
    "title": "Sample Calculator 37",
    "description": "This is an autogenerated calculator for demo #37",
    "category": "Mechanical",
    "inputs": [
      {
        "label": "A",
        "name": "a"
      },
      {
        "label": "B",
        "name": "b"
      }
    ],
    "formula": "",
    "author": "Admin",
    "created": "2024-01-01",
    "modified": "2024-05-25",
    "seeAlso": [
      "calc-38",
      "calc-39"
    ],
    "content": "## About this calculator\\nThis tool is useful for computing example #37.",
    "feedback": "If you found an issue, please report it."
  },
  {
    "slug": "calc-38",
    "title": "Sample Calculator 38",
    "description": "This is an autogenerated calculator for demo #38",
    "category": "Health",
    "inputs": [
      {
        "label": "A",
        "name": "a"
      },
      {
        "label": "B",
        "name": "b"
      }
    ],
    "formula": "",
    "author": "Admin",
    "created": "2024-01-01",
    "modified": "2024-05-25",
    "seeAlso": [
      "calc-39",
      "calc-40"
    ],
    "content": "## About this calculator\\nThis tool is useful for computing example #38.",
    "feedback": "If you found an issue, please report it."
  },
  {
    "slug": "calc-39",
    "title": "Sample Calculator 39",
    "description": "This is an autogenerated calculator for demo #39",
    "category": "Wire",
    "inputs": [
      {
        "label": "A",
        "name": "a"
      },
      {
        "label": "B",
        "name": "b"
      }
    ],
    "formula": "",
    "author": "Admin",
    "created": "2024-01-01",
    "modified": "2024-05-25",
    "seeAlso": [
      "calc-40",
      "calc-41"
    ],
    "content": "## About this calculator\\nThis tool is useful for computing example #39.",
    "feedback": "If you found an issue, please report it."
  },
  {
    "slug": "calc-40",
    "title": "Sample Calculator 40",
    "description": "This is an autogenerated calculator for demo #40",
    "category": "Thermal",
    "inputs": [
      {
        "label": "A",
        "name": "a"
      },
      {
        "label": "B",
        "name": "b"
      }
    ],
    "formula": "",
    "author": "Admin",
    "created": "2024-01-01",
    "modified": "2024-05-25",
    "seeAlso": [
      "calc-41",
      "calc-42"
    ],
    "content": "## About this calculator\\nThis tool is useful for computing example #40.",
    "feedback": "If you found an issue, please report it."
  },
  {
    "slug": "calc-41",
    "title": "Sample Calculator 41",
    "description": "This is an autogenerated calculator for demo #41",
    "category": "Electrical",
    "inputs": [
      {
        "label": "A",
        "name": "a"
      },
      {
        "label": "B",
        "name": "b"
      }
    ],
    "formula": "",
    "author": "Admin",
    "created": "2024-01-01",
    "modified": "2024-05-25",
    "seeAlso": [
      "calc-42",
      "calc-43"
    ],
    "content": "## About this calculator\\nThis tool is useful for computing example #41.",
    "feedback": "If you found an issue, please report it."
  },
  {
    "slug": "calc-42",
    "title": "Sample Calculator 42",
    "description": "This is an autogenerated calculator for demo #42",
    "category": "Math",
    "inputs": [
      {
        "label": "A",
        "name": "a"
      },
      {
        "label": "B",
        "name": "b"
      }
    ],
    "formula": "",
    "author": "Admin",
    "created": "2024-01-01",
    "modified": "2024-05-25",
    "seeAlso": [
      "calc-43",
      "calc-44"
    ],
    "content": "## About this calculator\\nThis tool is useful for computing example #42.",
    "feedback": "If you found an issue, please report it."
  },
  {
    "slug": "calc-43",
    "title": "Sample Calculator 43",
    "description": "This is an autogenerated calculator for demo #43",
    "category": "Physics",
    "inputs": [
      {
        "label": "A",
        "name": "a"
      },
      {
        "label": "B",
        "name": "b"
      }
    ],
    "formula": "",
    "author": "Admin",
    "created": "2024-01-01",
    "modified": "2024-05-25",
    "seeAlso": [
      "calc-44",
      "calc-45"
    ],
    "content": "## About this calculator\\nThis tool is useful for computing example #43.",
    "feedback": "If you found an issue, please report it."
  },
  {
    "slug": "calc-44",
    "title": "Sample Calculator 44",
    "description": "This is an autogenerated calculator for demo #44",
    "category": "Grade",
    "inputs": [
      {
        "label": "A",
        "name": "a"
      },
      {
        "label": "B",
        "name": "b"
      }
    ],
    "formula": "",
    "author": "Admin",
    "created": "2024-01-01",
    "modified": "2024-05-25",
    "seeAlso": [
      "calc-45",
      "calc-46"
    ],
    "content": "## About this calculator\\nThis tool is useful for computing example #44.",
    "feedback": "If you found an issue, please report it."
  },
  {
    "slug": "calc-45",
    "title": "Sample Calculator 45",
    "description": "This is an autogenerated calculator for demo #45",
    "category": "Time",
    "inputs": [
      {
        "label": "A",
        "name": "a"
      },
      {
        "label": "B",
        "name": "b"
      }
    ],
    "formula": "",
    "author": "Admin",
    "created": "2024-01-01",
    "modified": "2024-05-25",
    "seeAlso": [
      "calc-46",
      "calc-47"
    ],
    "content": "## About this calculator\\nThis tool is useful for computing example #45.",
    "feedback": "If you found an issue, please report it."
  },
  {
    "slug": "calc-46",
    "title": "Sample Calculator 46",
    "description": "This is an autogenerated calculator for demo #46",
    "category": "Health",
    "inputs": [
      {
        "label": "A",
        "name": "a"
      },
      {
        "label": "B",
        "name": "b"
      }
    ],
    "formula": "",
    "author": "Admin",
    "created": "2024-01-01",
    "modified": "2024-05-25",
    "seeAlso": [
      "calc-47",
      "calc-48"
    ],
    "content": "## About this calculator\\nThis tool is useful for computing example #46.",
    "feedback": "If you found an issue, please report it."
  },
  {
    "slug": "calc-47",
    "title": "Sample Calculator 47",
    "description": "This is an autogenerated calculator for demo #47",
    "category": "Mechanical",
    "inputs": [
      {
        "label": "A",
        "name": "a"
      },
      {
        "label": "B",
        "name": "b"
      }
    ],
    "formula": "",
    "author": "Admin",
    "created": "2024-01-01",
    "modified": "2024-05-25",
    "seeAlso": [
      "calc-48",
      "calc-49"
    ],
    "content": "## About this calculator\\nThis tool is useful for computing example #47.",
    "feedback": "If you found an issue, please report it."
  },
  {
    "slug": "calc-48",
    "title": "Sample Calculator 48",
    "description": "This is an autogenerated calculator for demo #48",
    "category": "Health",
    "inputs": [
      {
        "label": "A",
        "name": "a"
      },
      {
        "label": "B",
        "name": "b"
      }
    ],
    "formula": "",
    "author": "Admin",
    "created": "2024-01-01",
    "modified": "2024-05-25",
    "seeAlso": [
      "calc-49",
      "calc-50"
    ],
    "content": "## About this calculator\\nThis tool is useful for computing example #48.",
    "feedback": "If you found an issue, please report it."
  },
  {
    "slug": "calc-49",
    "title": "Sample Calculator 49",
    "description": "This is an autogenerated calculator for demo #49",
    "category": "Wire",
    "inputs": [
      {
        "label": "A",
        "name": "a"
      },
      {
        "label": "B",
        "name": "b"
      }
    ],
    "formula": "",
    "author": "Admin",
    "created": "2024-01-01",
    "modified": "2024-05-25",
    "seeAlso": [
      "calc-50",
      "calc-51"
    ],
    "content": "## About this calculator\\nThis tool is useful for computing example #49.",
    "feedback": "If you found an issue, please report it."
  },
  {
    "slug": "calc-50",
    "title": "Sample Calculator 50",
    "description": "This is an autogenerated calculator for demo #50",
    "category": "Physics",
    "inputs": [
      {
        "label": "A",
        "name": "a"
      },
      {
        "label": "B",
        "name": "b"
      }
    ],
    "formula": "",
    "author": "Admin",
    "created": "2024-01-01",
    "modified": "2024-05-25",
    "seeAlso": [
      "calc-51",
      "calc-52"
    ],
    "content": "## About this calculator\\nThis tool is useful for computing example #50.",
    "feedback": "If you found an issue, please report it."
  },
  {
    "slug": "calc-51",
    "title": "Sample Calculator 51",
    "description": "This is an autogenerated calculator for demo #51",
    "category": "Online Tools",
    "inputs": [
      {
        "label": "A",
        "name": "a"
      },
      {
        "label": "B",
        "name": "b"
      }
    ],
    "formula": "",
    "author": "Admin",
    "created": "2024-01-01",
    "modified": "2024-05-25",
    "seeAlso": [
      "calc-52",
      "calc-53"
    ],
    "content": "## About this calculator\\nThis tool is useful for computing example #51.",
    "feedback": "If you found an issue, please report it."
  },
  {
    "slug": "calc-52",
    "title": "Sample Calculator 52",
    "description": "This is an autogenerated calculator for demo #52",
    "category": "Time",
    "inputs": [
      {
        "label": "A",
        "name": "a"
      },
      {
        "label": "B",
        "name": "b"
      }
    ],
    "formula": "",
    "author": "Admin",
    "created": "2024-01-01",
    "modified": "2024-05-25",
    "seeAlso": [
      "calc-53",
      "calc-54"
    ],
    "content": "## About this calculator\\nThis tool is useful for computing example #52.",
    "feedback": "If you found an issue, please report it."
  },
  {
    "slug": "calc-53",
    "title": "Sample Calculator 53",
    "description": "This is an autogenerated calculator for demo #53",
    "category": "Finance",
    "inputs": [
      {
        "label": "A",
        "name": "a"
      },
      {
        "label": "B",
        "name": "b"
      }
    ],
    "formula": "",
    "author": "Admin",
    "created": "2024-01-01",
    "modified": "2024-05-25",
    "seeAlso": [
      "calc-54",
      "calc-55"
    ],
    "content": "## About this calculator\\nThis tool is useful for computing example #53.",
    "feedback": "If you found an issue, please report it."
  },
  {
    "slug": "calc-54",
    "title": "Sample Calculator 54",
    "description": "This is an autogenerated calculator for demo #54",
    "category": "Online Tools",
    "inputs": [
      {
        "label": "A",
        "name": "a"
      },
      {
        "label": "B",
        "name": "b"
      }
    ],
    "formula": "",
    "author": "Admin",
    "created": "2024-01-01",
    "modified": "2024-05-25",
    "seeAlso": [
      "calc-55",
      "calc-56"
    ],
    "content": "## About this calculator\\nThis tool is useful for computing example #54.",
    "feedback": "If you found an issue, please report it."
  },
  {
    "slug": "calc-55",
    "title": "Sample Calculator 55",
    "description": "This is an autogenerated calculator for demo #55",
    "category": "Computer",
    "inputs": [
      {
        "label": "A",
        "name": "a"
      },
      {
        "label": "B",
        "name": "b"
      }
    ],
    "formula": "",
    "author": "Admin",
    "created": "2024-01-01",
    "modified": "2024-05-25",
    "seeAlso": [
      "calc-56",
      "calc-57"
    ],
    "content": "## About this calculator\\nThis tool is useful for computing example #55.",
    "feedback": "If you found an issue, please report it."
  },
  {
    "slug": "calc-56",
    "title": "Sample Calculator 56",
    "description": "This is an autogenerated calculator for demo #56",
    "category": "Mechanical",
    "inputs": [
      {
        "label": "A",
        "name": "a"
      },
      {
        "label": "B",
        "name": "b"
      }
    ],
    "formula": "",
    "author": "Admin",
    "created": "2024-01-01",
    "modified": "2024-05-25",
    "seeAlso": [
      "calc-57",
      "calc-58"
    ],
    "content": "## About this calculator\\nThis tool is useful for computing example #56.",
    "feedback": "If you found an issue, please report it."
  },
  {
    "slug": "calc-57",
    "title": "Sample Calculator 57",
    "description": "This is an autogenerated calculator for demo #57",
    "category": "Online Tools",
    "inputs": [
      {
        "label": "A",
        "name": "a"
      },
      {
        "label": "B",
        "name": "b"
      }
    ],
    "formula": "",
    "author": "Admin",
    "created": "2024-01-01",
    "modified": "2024-05-25",
    "seeAlso": [
      "calc-58",
      "calc-59"
    ],
    "content": "## About this calculator\\nThis tool is useful for computing example #57.",
    "feedback": "If you found an issue, please report it."
  },
  {
    "slug": "calc-58",
    "title": "Sample Calculator 58",
    "description": "This is an autogenerated calculator for demo #58",
    "category": "Online Tools",
    "inputs": [
      {
        "label": "A",
        "name": "a"
      },
      {
        "label": "B",
        "name": "b"
      }
    ],
    "formula": "",
    "author": "Admin",
    "created": "2024-01-01",
    "modified": "2024-05-25",
    "seeAlso": [
      "calc-59",
      "calc-60"
    ],
    "content": "## About this calculator\\nThis tool is useful for computing example #58.",
    "feedback": "If you found an issue, please report it."
  },
  {
    "slug": "calc-59",
    "title": "Sample Calculator 59",
    "description": "This is an autogenerated calculator for demo #59",
    "category": "Math",
    "inputs": [
      {
        "label": "A",
        "name": "a"
      },
      {
        "label": "B",
        "name": "b"
      }
    ],
    "formula": "",
    "author": "Admin",
    "created": "2024-01-01",
    "modified": "2024-05-25",
    "seeAlso": [
      "calc-60",
      "calc-61"
    ],
    "content": "## About this calculator\\nThis tool is useful for computing example #59.",
    "feedback": "If you found an issue, please report it."
  },
  {
    "slug": "calc-60",
    "title": "Sample Calculator 60",
    "description": "This is an autogenerated calculator for demo #60",
    "category": "Electrical",
    "inputs": [
      {
        "label": "A",
        "name": "a"
      },
      {
        "label": "B",
        "name": "b"
      }
    ],
    "formula": "",
    "author": "Admin",
    "created": "2024-01-01",
    "modified": "2024-05-25",
    "seeAlso": [
      "calc-61",
      "calc-62"
    ],
    "content": "## About this calculator\\nThis tool is useful for computing example #60.",
    "feedback": "If you found an issue, please report it."
  },
  {
    "slug": "calc-61",
    "title": "Sample Calculator 61",
    "description": "This is an autogenerated calculator for demo #61",
    "category": "Lighting",
    "inputs": [
      {
        "label": "A",
        "name": "a"
      },
      {
        "label": "B",
        "name": "b"
      }
    ],
    "formula": "",
    "author": "Admin",
    "created": "2024-01-01",
    "modified": "2024-05-25",
    "seeAlso": [
      "calc-62",
      "calc-63"
    ],
    "content": "## About this calculator\\nThis tool is useful for computing example #61.",
    "feedback": "If you found an issue, please report it."
  },
  {
    "slug": "calc-62",
    "title": "Sample Calculator 62",
    "description": "This is an autogenerated calculator for demo #62",
    "category": "Time",
    "inputs": [
      {
        "label": "A",
        "name": "a"
      },
      {
        "label": "B",
        "name": "b"
      }
    ],
    "formula": "",
    "author": "Admin",
    "created": "2024-01-01",
    "modified": "2024-05-25",
    "seeAlso": [
      "calc-63",
      "calc-64"
    ],
    "content": "## About this calculator\\nThis tool is useful for computing example #62.",
    "feedback": "If you found an issue, please report it."
  },
  {
    "slug": "calc-63",
    "title": "Sample Calculator 63",
    "description": "This is an autogenerated calculator for demo #63",
    "category": "Conversion",
    "inputs": [
      {
        "label": "A",
        "name": "a"
      },
      {
        "label": "B",
        "name": "b"
      }
    ],
    "formula": "",
    "author": "Admin",
    "created": "2024-01-01",
    "modified": "2024-05-25",
    "seeAlso": [
      "calc-64",
      "calc-65"
    ],
    "content": "## About this calculator\\nThis tool is useful for computing example #63.",
    "feedback": "If you found an issue, please report it."
  },
  {
    "slug": "calc-64",
    "title": "Sample Calculator 64",
    "description": "This is an autogenerated calculator for demo #64",
    "category": "Conversion",
    "inputs": [
      {
        "label": "A",
        "name": "a"
      },
      {
        "label": "B",
        "name": "b"
      }
    ],
    "formula": "",
    "author": "Admin",
    "created": "2024-01-01",
    "modified": "2024-05-25",
    "seeAlso": [
      "calc-65",
      "calc-66"
    ],
    "content": "## About this calculator\\nThis tool is useful for computing example #64.",
    "feedback": "If you found an issue, please report it."
  },
  {
    "slug": "calc-65",
    "title": "Sample Calculator 65",
    "description": "This is an autogenerated calculator for demo #65",
    "category": "Wire",
    "inputs": [
      {
        "label": "A",
        "name": "a"
      },
      {
        "label": "B",
        "name": "b"
      }
    ],
    "formula": "",
    "author": "Admin",
    "created": "2024-01-01",
    "modified": "2024-05-25",
    "seeAlso": [
      "calc-66",
      "calc-67"
    ],
    "content": "## About this calculator\\nThis tool is useful for computing example #65.",
    "feedback": "If you found an issue, please report it."
  },
  {
    "slug": "calc-66",
    "title": "Sample Calculator 66",
    "description": "This is an autogenerated calculator for demo #66",
    "category": "Math",
    "inputs": [
      {
        "label": "A",
        "name": "a"
      },
      {
        "label": "B",
        "name": "b"
      }
    ],
    "formula": "",
    "author": "Admin",
    "created": "2024-01-01",
    "modified": "2024-05-25",
    "seeAlso": [
      "calc-67",
      "calc-68"
    ],
    "content": "## About this calculator\\nThis tool is useful for computing example #66.",
    "feedback": "If you found an issue, please report it."
  },
  {
    "slug": "calc-67",
    "title": "Sample Calculator 67",
    "description": "This is an autogenerated calculator for demo #67",
    "category": "Mechanical",
    "inputs": [
      {
        "label": "A",
        "name": "a"
      },
      {
        "label": "B",
        "name": "b"
      }
    ],
    "formula": "",
    "author": "Admin",
    "created": "2024-01-01",
    "modified": "2024-05-25",
    "seeAlso": [
      "calc-68",
      "calc-69"
    ],
    "content": "## About this calculator\\nThis tool is useful for computing example #67.",
    "feedback": "If you found an issue, please report it."
  },
  {
    "slug": "calc-68",
    "title": "Sample Calculator 68",
    "description": "This is an autogenerated calculator for demo #68",
    "category": "Math",
    "inputs": [
      {
        "label": "A",
        "name": "a"
      },
      {
        "label": "B",
        "name": "b"
      }
    ],
    "formula": "",
    "author": "Admin",
    "created": "2024-01-01",
    "modified": "2024-05-25",
    "seeAlso": [
      "calc-69",
      "calc-70"
    ],
    "content": "## About this calculator\\nThis tool is useful for computing example #68.",
    "feedback": "If you found an issue, please report it."
  },
  {
    "slug": "calc-69",
    "title": "Sample Calculator 69",
    "description": "This is an autogenerated calculator for demo #69",
    "category": "Lighting",
    "inputs": [
      {
        "label": "A",
        "name": "a"
      },
      {
        "label": "B",
        "name": "b"
      }
    ],
    "formula": "",
    "author": "Admin",
    "created": "2024-01-01",
    "modified": "2024-05-25",
    "seeAlso": [
      "calc-70",
      "calc-71"
    ],
    "content": "## About this calculator\\nThis tool is useful for computing example #69.",
    "feedback": "If you found an issue, please report it."
  },
  {
    "slug": "calc-70",
    "title": "Sample Calculator 70",
    "description": "This is an autogenerated calculator for demo #70",
    "category": "Thermal",
    "inputs": [
      {
        "label": "A",
        "name": "a"
      },
      {
        "label": "B",
        "name": "b"
      }
    ],
    "formula": "",
    "author": "Admin",
    "created": "2024-01-01",
    "modified": "2024-05-25",
    "seeAlso": [
      "calc-71",
      "calc-72"
    ],
    "content": "## About this calculator\\nThis tool is useful for computing example #70.",
    "feedback": "If you found an issue, please report it."
  },
  {
    "slug": "calc-71",
    "title": "Sample Calculator 71",
    "description": "This is an autogenerated calculator for demo #71",
    "category": "Grade",
    "inputs": [
      {
        "label": "A",
        "name": "a"
      },
      {
        "label": "B",
        "name": "b"
      }
    ],
    "formula": "",
    "author": "Admin",
    "created": "2024-01-01",
    "modified": "2024-05-25",
    "seeAlso": [
      "calc-72",
      "calc-73"
    ],
    "content": "## About this calculator\\nThis tool is useful for computing example #71.",
    "feedback": "If you found an issue, please report it."
  },
  {
    "slug": "calc-72",
    "title": "Sample Calculator 72",
    "description": "This is an autogenerated calculator for demo #72",
    "category": "Health",
    "inputs": [
      {
        "label": "A",
        "name": "a"
      },
      {
        "label": "B",
        "name": "b"
      }
    ],
    "formula": "",
    "author": "Admin",
    "created": "2024-01-01",
    "modified": "2024-05-25",
    "seeAlso": [
      "calc-73",
      "calc-74"
    ],
    "content": "## About this calculator\\nThis tool is useful for computing example #72.",
    "feedback": "If you found an issue, please report it."
  },
  {
    "slug": "calc-73",
    "title": "Sample Calculator 73",
    "description": "This is an autogenerated calculator for demo #73",
    "category": "Online Tools",
    "inputs": [
      {
        "label": "A",
        "name": "a"
      },
      {
        "label": "B",
        "name": "b"
      }
    ],
    "formula": "",
    "author": "Admin",
    "created": "2024-01-01",
    "modified": "2024-05-25",
    "seeAlso": [
      "calc-74",
      "calc-75"
    ],
    "content": "## About this calculator\\nThis tool is useful for computing example #73.",
    "feedback": "If you found an issue, please report it."
  },
  {
    "slug": "calc-74",
    "title": "Sample Calculator 74",
    "description": "This is an autogenerated calculator for demo #74",
    "category": "Computer",
    "inputs": [
      {
        "label": "A",
        "name": "a"
      },
      {
        "label": "B",
        "name": "b"
      }
    ],
    "formula": "",
    "author": "Admin",
    "created": "2024-01-01",
    "modified": "2024-05-25",
    "seeAlso": [
      "calc-75",
      "calc-76"
    ],
    "content": "## About this calculator\\nThis tool is useful for computing example #74.",
    "feedback": "If you found an issue, please report it."
  },
  {
    "slug": "calc-75",
    "title": "Sample Calculator 75",
    "description": "This is an autogenerated calculator for demo #75",
    "category": "Physics",
    "inputs": [
      {
        "label": "A",
        "name": "a"
      },
      {
        "label": "B",
        "name": "b"
      }
    ],
    "formula": "",
    "author": "Admin",
    "created": "2024-01-01",
    "modified": "2024-05-25",
    "seeAlso": [
      "calc-76",
      "calc-77"
    ],
    "content": "## About this calculator\\nThis tool is useful for computing example #75.",
    "feedback": "If you found an issue, please report it."
  },
  {
    "slug": "calc-76",
    "title": "Sample Calculator 76",
    "description": "This is an autogenerated calculator for demo #76",
    "category": "Mechanical",
    "inputs": [
      {
        "label": "A",
        "name": "a"
      },
      {
        "label": "B",
        "name": "b"
      }
    ],
    "formula": "",
    "author": "Admin",
    "created": "2024-01-01",
    "modified": "2024-05-25",
    "seeAlso": [
      "calc-77",
      "calc-78"
    ],
    "content": "## About this calculator\\nThis tool is useful for computing example #76.",
    "feedback": "If you found an issue, please report it."
  },
  {
    "slug": "calc-77",
    "title": "Sample Calculator 77",
    "description": "This is an autogenerated calculator for demo #77",
    "category": "Online Tools",
    "inputs": [
      {
        "label": "A",
        "name": "a"
      },
      {
        "label": "B",
        "name": "b"
      }
    ],
    "formula": "",
    "author": "Admin",
    "created": "2024-01-01",
    "modified": "2024-05-25",
    "seeAlso": [
      "calc-78",
      "calc-79"
    ],
    "content": "## About this calculator\\nThis tool is useful for computing example #77.",
    "feedback": "If you found an issue, please report it."
  },
  {
    "slug": "calc-78",
    "title": "Sample Calculator 78",
    "description": "This is an autogenerated calculator for demo #78",
    "category": "Health",
    "inputs": [
      {
        "label": "A",
        "name": "a"
      },
      {
        "label": "B",
        "name": "b"
      }
    ],
    "formula": "",
    "author": "Admin",
    "created": "2024-01-01",
    "modified": "2024-05-25",
    "seeAlso": [
      "calc-79",
      "calc-80"
    ],
    "content": "## About this calculator\\nThis tool is useful for computing example #78.",
    "feedback": "If you found an issue, please report it."
  },
  {
    "slug": "calc-79",
    "title": "Sample Calculator 79",
    "description": "This is an autogenerated calculator for demo #79",
    "category": "Computer",
    "inputs": [
      {
        "label": "A",
        "name": "a"
      },
      {
        "label": "B",
        "name": "b"
      }
    ],
    "formula": "",
    "author": "Admin",
    "created": "2024-01-01",
    "modified": "2024-05-25",
    "seeAlso": [
      "calc-80",
      "calc-81"
    ],
    "content": "## About this calculator\\nThis tool is useful for computing example #79.",
    "feedback": "If you found an issue, please report it."
  },
  {
    "slug": "calc-80",
    "title": "Sample Calculator 80",
    "description": "This is an autogenerated calculator for demo #80",
    "category": "Conversion",
    "inputs": [
      {
        "label": "A",
        "name": "a"
      },
      {
        "label": "B",
        "name": "b"
      }
    ],
    "formula": "",
    "author": "Admin",
    "created": "2024-01-01",
    "modified": "2024-05-25",
    "seeAlso": [
      "calc-81",
      "calc-82"
    ],
    "content": "## About this calculator\\nThis tool is useful for computing example #80.",
    "feedback": "If you found an issue, please report it."
  },
  {
    "slug": "calc-81",
    "title": "Sample Calculator 81",
    "description": "This is an autogenerated calculator for demo #81",
    "category": "Electrical",
    "inputs": [
      {
        "label": "A",
        "name": "a"
      },
      {
        "label": "B",
        "name": "b"
      }
    ],
    "formula": "",
    "author": "Admin",
    "created": "2024-01-01",
    "modified": "2024-05-25",
    "seeAlso": [
      "calc-82",
      "calc-83"
    ],
    "content": "## About this calculator\\nThis tool is useful for computing example #81.",
    "feedback": "If you found an issue, please report it."
  },
  {
    "slug": "calc-82",
    "title": "Sample Calculator 82",
    "description": "This is an autogenerated calculator for demo #82",
    "category": "Finance",
    "inputs": [
      {
        "label": "A",
        "name": "a"
      },
      {
        "label": "B",
        "name": "b"
      }
    ],
    "formula": "",
    "author": "Admin",
    "created": "2024-01-01",
    "modified": "2024-05-25",
    "seeAlso": [
      "calc-83",
      "calc-84"
    ],
    "content": "## About this calculator\\nThis tool is useful for computing example #82.",
    "feedback": "If you found an issue, please report it."
  },
  {
    "slug": "calc-83",
    "title": "Sample Calculator 83",
    "description": "This is an autogenerated calculator for demo #83",
    "category": "Thermal",
    "inputs": [
      {
        "label": "A",
        "name": "a"
      },
      {
        "label": "B",
        "name": "b"
      }
    ],
    "formula": "",
    "author": "Admin",
    "created": "2024-01-01",
    "modified": "2024-05-25",
    "seeAlso": [
      "calc-84",
      "calc-85"
    ],
    "content": "## About this calculator\\nThis tool is useful for computing example #83.",
    "feedback": "If you found an issue, please report it."
  },
  {
    "slug": "calc-84",
    "title": "Sample Calculator 84",
    "description": "This is an autogenerated calculator for demo #84",
    "category": "Grade",
    "inputs": [
      {
        "label": "A",
        "name": "a"
      },
      {
        "label": "B",
        "name": "b"
      }
    ],
    "formula": "",
    "author": "Admin",
    "created": "2024-01-01",
    "modified": "2024-05-25",
    "seeAlso": [
      "calc-85",
      "calc-86"
    ],
    "content": "## About this calculator\\nThis tool is useful for computing example #84.",
    "feedback": "If you found an issue, please report it."
  },
  {
    "slug": "calc-85",
    "title": "Sample Calculator 85",
    "description": "This is an autogenerated calculator for demo #85",
    "category": "Math",
    "inputs": [
      {
        "label": "A",
        "name": "a"
      },
      {
        "label": "B",
        "name": "b"
      }
    ],
    "formula": "",
    "author": "Admin",
    "created": "2024-01-01",
    "modified": "2024-05-25",
    "seeAlso": [
      "calc-86",
      "calc-87"
    ],
    "content": "## About this calculator\\nThis tool is useful for computing example #85.",
    "feedback": "If you found an issue, please report it."
  },
  {
    "slug": "calc-86",
    "title": "Sample Calculator 86",
    "description": "This is an autogenerated calculator for demo #86",
    "category": "Thermal",
    "inputs": [
      {
        "label": "A",
        "name": "a"
      },
      {
        "label": "B",
        "name": "b"
      }
    ],
    "formula": "",
    "author": "Admin",
    "created": "2024-01-01",
    "modified": "2024-05-25",
    "seeAlso": [
      "calc-87",
      "calc-88"
    ],
    "content": "## About this calculator\\nThis tool is useful for computing example #86.",
    "feedback": "If you found an issue, please report it."
  },
  {
    "slug": "calc-87",
    "title": "Sample Calculator 87",
    "description": "This is an autogenerated calculator for demo #87",
    "category": "Math",
    "inputs": [
      {
        "label": "A",
        "name": "a"
      },
      {
        "label": "B",
        "name": "b"
      }
    ],
    "formula": "",
    "author": "Admin",
    "created": "2024-01-01",
    "modified": "2024-05-25",
    "seeAlso": [
      "calc-88",
      "calc-89"
    ],
    "content": "## About this calculator\\nThis tool is useful for computing example #87.",
    "feedback": "If you found an issue, please report it."
  },
  {
    "slug": "calc-88",
    "title": "Sample Calculator 88",
    "description": "This is an autogenerated calculator for demo #88",
    "category": "Mechanical",
    "inputs": [
      {
        "label": "A",
        "name": "a"
      },
      {
        "label": "B",
        "name": "b"
      }
    ],
    "formula": "",
    "author": "Admin",
    "created": "2024-01-01",
    "modified": "2024-05-25",
    "seeAlso": [
      "calc-89",
      "calc-90"
    ],
    "content": "## About this calculator\\nThis tool is useful for computing example #88.",
    "feedback": "If you found an issue, please report it."
  },
  {
    "slug": "calc-89",
    "title": "Sample Calculator 89",
    "description": "This is an autogenerated calculator for demo #89",
    "category": "Electrical",
    "inputs": [
      {
        "label": "A",
        "name": "a"
      },
      {
        "label": "B",
        "name": "b"
      }
    ],
    "formula": "",
    "author": "Admin",
    "created": "2024-01-01",
    "modified": "2024-05-25",
    "seeAlso": [
      "calc-90",
      "calc-91"
    ],
    "content": "## About this calculator\\nThis tool is useful for computing example #89.",
    "feedback": "If you found an issue, please report it."
  },
  {
    "slug": "calc-90",
    "title": "Sample Calculator 90",
    "description": "This is an autogenerated calculator for demo #90",
    "category": "Wire",
    "inputs": [
      {
        "label": "A",
        "name": "a"
      },
      {
        "label": "B",
        "name": "b"
      }
    ],
    "formula": "",
    "author": "Admin",
    "created": "2024-01-01",
    "modified": "2024-05-25",
    "seeAlso": [
      "calc-91",
      "calc-92"
    ],
    "content": "## About this calculator\\nThis tool is useful for computing example #90.",
    "feedback": "If you found an issue, please report it."
  },
  {
    "slug": "calc-91",
    "title": "Sample Calculator 91",
    "description": "This is an autogenerated calculator for demo #91",
    "category": "Electrical",
    "inputs": [
      {
        "label": "A",
        "name": "a"
      },
      {
        "label": "B",
        "name": "b"
      }
    ],
    "formula": "",
    "author": "Admin",
    "created": "2024-01-01",
    "modified": "2024-05-25",
    "seeAlso": [
      "calc-92",
      "calc-93"
    ],
    "content": "## About this calculator\\nThis tool is useful for computing example #91.",
    "feedback": "If you found an issue, please report it."
  },
  {
    "slug": "calc-92",
    "title": "Sample Calculator 92",
    "description": "This is an autogenerated calculator for demo #92",
    "category": "Conversion",
    "inputs": [
      {
        "label": "A",
        "name": "a"
      },
      {
        "label": "B",
        "name": "b"
      }
    ],
    "formula": "",
    "author": "Admin",
    "created": "2024-01-01",
    "modified": "2024-05-25",
    "seeAlso": [
      "calc-93",
      "calc-94"
    ],
    "content": "## About this calculator\\nThis tool is useful for computing example #92.",
    "feedback": "If you found an issue, please report it."
  },
  {
    "slug": "calc-93",
    "title": "Sample Calculator 93",
    "description": "This is an autogenerated calculator for demo #93",
    "category": "Electrical",
    "inputs": [
      {
        "label": "A",
        "name": "a"
      },
      {
        "label": "B",
        "name": "b"
      }
    ],
    "formula": "",
    "author": "Admin",
    "created": "2024-01-01",
    "modified": "2024-05-25",
    "seeAlso": [
      "calc-94",
      "calc-95"
    ],
    "content": "## About this calculator\\nThis tool is useful for computing example #93.",
    "feedback": "If you found an issue, please report it."
  },
  {
    "slug": "calc-94",
    "title": "Sample Calculator 94",
    "description": "This is an autogenerated calculator for demo #94",
    "category": "Lighting",
    "inputs": [
      {
        "label": "A",
        "name": "a"
      },
      {
        "label": "B",
        "name": "b"
      }
    ],
    "formula": "",
    "author": "Admin",
    "created": "2024-01-01",
    "modified": "2024-05-25",
    "seeAlso": [
      "calc-95",
      "calc-96"
    ],
    "content": "## About this calculator\\nThis tool is useful for computing example #94.",
    "feedback": "If you found an issue, please report it."
  },
  {
    "slug": "calc-95",
    "title": "Sample Calculator 95",
    "description": "This is an autogenerated calculator for demo #95",
    "category": "Online Tools",
    "inputs": [
      {
        "label": "A",
        "name": "a"
      },
      {
        "label": "B",
        "name": "b"
      }
    ],
    "formula": "",
    "author": "Admin",
    "created": "2024-01-01",
    "modified": "2024-05-25",
    "seeAlso": [
      "calc-96",
      "calc-97"
    ],
    "content": "## About this calculator\\nThis tool is useful for computing example #95.",
    "feedback": "If you found an issue, please report it."
  },
  {
    "slug": "calc-96",
    "title": "Sample Calculator 96",
    "description": "This is an autogenerated calculator for demo #96",
    "category": "Wire",
    "inputs": [
      {
        "label": "A",
        "name": "a"
      },
      {
        "label": "B",
        "name": "b"
      }
    ],
    "formula": "",
    "author": "Admin",
    "created": "2024-01-01",
    "modified": "2024-05-25",
    "seeAlso": [
      "calc-97",
      "calc-98"
    ],
    "content": "## About this calculator\\nThis tool is useful for computing example #96.",
    "feedback": "If you found an issue, please report it."
  },
  {
    "slug": "calc-97",
    "title": "Sample Calculator 97",
    "description": "This is an autogenerated calculator for demo #97",
    "category": "Conversion",
    "inputs": [
      {
        "label": "A",
        "name": "a"
      },
      {
        "label": "B",
        "name": "b"
      }
    ],
    "formula": "",
    "author": "Admin",
    "created": "2024-01-01",
    "modified": "2024-05-25",
    "seeAlso": [
      "calc-98",
      "calc-99"
    ],
    "content": "## About this calculator\\nThis tool is useful for computing example #97.",
    "feedback": "If you found an issue, please report it."
  },
  {
    "slug": "calc-98",
    "title": "Sample Calculator 98",
    "description": "This is an autogenerated calculator for demo #98",
    "category": "Lighting",
    "inputs": [
      {
        "label": "A",
        "name": "a"
      },
      {
        "label": "B",
        "name": "b"
      }
    ],
    "formula": "",
    "author": "Admin",
    "created": "2024-01-01",
    "modified": "2024-05-25",
    "seeAlso": [
      "calc-99",
      "calc-100"
    ],
    "content": "## About this calculator\\nThis tool is useful for computing example #98.",
    "feedback": "If you found an issue, please report it."
  },
  {
    "slug": "calc-99",
    "title": "Sample Calculator 99",
    "description": "This is an autogenerated calculator for demo #99",
    "category": "Wire",
    "inputs": [
      {
        "label": "A",
        "name": "a"
      },
      {
        "label": "B",
        "name": "b"
      }
    ],
    "formula": "",
    "author": "Admin",
    "created": "2024-01-01",
    "modified": "2024-05-25",
    "seeAlso": [
      "calc-100",
      "calc-1"
    ],
    "content": "## About this calculator\\nThis tool is useful for computing example #99.",
    "feedback": "If you found an issue, please report it."
  },
  {
    "slug": "calc-100",
    "title": "Sample Calculator 100",
    "description": "This is an autogenerated calculator for demo #100",
    "category": "Conversion",
    "inputs": [
      {
        "label": "A",
        "name": "a"
      },
      {
        "label": "B",
        "name": "b"
      }
    ],
    "formula": "",
    "author": "Admin",
    "created": "2024-01-01",
    "modified": "2024-05-25",
    "seeAlso": [
      "calc-1",
      "calc-2"
    ],
    "content": "## About this calculator\\nThis tool is useful for computing example #100.",
    "feedback": "If you found an issue, please report it."
  }
]