[
  {
    "slug": "calc-1",
    "title": "Sample Calculator 1",
    "description": "This is an autogenerated calculator for demo #1",
    "category": "Mechanical",
    "inputs": [
      {
        "label": "A",
        "name": "a"
      },
      {
        "label": "B",
        "name": "b"
      }
    ],
    "formula": ""
  },
  {
    "slug": "calc-2",
    "title": "Sample Calculator 2",
    "description": "This is an autogenerated calculator for demo #2",
    "category": "Computer",
    "inputs": [
      {
        "label": "A",
        "name": "a"
      },
      {
        "label": "B",
        "name": "b"
      }
    ],
    "formula": ""
  },
  {
    "slug": "calc-3",
    "title": "Sample Calculator 3",
    "description": "This is an autogenerated calculator for demo #3",
    "category": "Electrical",
    "inputs": [
      {
        "label": "A",
        "name": "a"
      },
      {
        "label": "B",
        "name": "b"
      }
    ],
    "formula": ""
  },
  {
    "slug": "calc-4",
    "title": "Sample Calculator 4",
    "description": "This is an autogenerated calculator for demo #4",
    "category": "Health",
    "inputs": [
      {
        "label": "A",
        "name": "a"
      },
      {
        "label": "B",
        "name": "b"
      }
    ],
    "formula": ""
  },
  {
    "slug": "calc-5",
    "title": "Sample Calculator 5",
    "description": "This is an autogenerated calculator for demo #5",
    "category": "Wire",
    "inputs": [
      {
        "label": "A",
        "name": "a"
      },
      {
        "label": "B",
        "name": "b"
      }
    ],
    "formula": ""
  },
  {
    "slug": "calc-6",
    "title": "Sample Calculator 6",
    "description": "This is an autogenerated calculator for demo #6",
    "category": "Electrical",
    "inputs": [
      {
        "label": "A",
        "name": "a"
      },
      {
        "label": "B",
        "name": "b"
      }
    ],
    "formula": ""
  },
  {
    "slug": "calc-7",
    "title": "Sample Calculator 7",
    "description": "This is an autogenerated calculator for demo #7",
    "category": "Time",
    "inputs": [
      {
        "label": "A",
        "name": "a"
      },
      {
        "label": "B",
        "name": "b"
      }
    ],
    "formula": ""
  },
  {
    "slug": "calc-8",
    "title": "Sample Calculator 8",
    "description": "This is an autogenerated calculator for demo #8",
    "category": "Lighting",
    "inputs": [
      {
        "label": "A",
        "name": "a"
      },
      {
        "label": "B",
        "name": "b"
      }
    ],
    "formula": ""
  },
  {
    "slug": "calc-9",
    "title": "Sample Calculator 9",
    "description": "This is an autogenerated calculator for demo #9",
    "category": "Time",
    "inputs": [
      {
        "label": "A",
        "name": "a"
      },
      {
        "label": "B",
        "name": "b"
      }
    ],
    "formula": ""
  },
  {
    "slug": "calc-10",
    "title": "Sample Calculator 10",
    "description": "This is an autogenerated calculator for demo #10",
    "category": "Time",
    "inputs": [
      {
        "label": "A",
        "name": "a"
      },
      {
        "label": "B",
        "name": "b"
      }
    ],
    "formula": ""
  },
  {
    "slug": "calc-11",
    "title": "Sample Calculator 11",
    "description": "This is an autogenerated calculator for demo #11",
    "category": "Health",
    "inputs": [
      {
        "label": "A",
        "name": "a"
      },
      {
        "label": "B",
        "name": "b"
      }
    ],
    "formula": ""
  },
  {
    "slug": "calc-12",
    "title": "Sample Calculator 12",
    "description": "This is an autogenerated calculator for demo #12",
    "category": "Time",
    "inputs": [
      {
        "label": "A",
        "name": "a"
      },
      {
        "label": "B",
        "name": "b"
      }
    ],
    "formula": ""
  },
  {
    "slug": "calc-13",
    "title": "Sample Calculator 13",
    "description": "This is an autogenerated calculator for demo #13",
    "category": "Grade",
    "inputs": [
      {
        "label": "A",
        "name": "a"
      },
      {
        "label": "B",
        "name": "b"
      }
    ],
    "formula": ""
  },
  {
    "slug": "calc-14",
    "title": "Sample Calculator 14",
    "description": "This is an autogenerated calculator for demo #14",
    "category": "Mechanical",
    "inputs": [
      {
        "label": "A",
        "name": "a"
      },
      {
        "label": "B",
        "name": "b"
      }
    ],
    "formula": ""
  },
  {
    "slug": "calc-15",
    "title": "Sample Calculator 15",
    "description": "This is an autogenerated calculator for demo #15",
    "category": "Health",
    "inputs": [
      {
        "label": "A",
        "name": "a"
      },
      {
        "label": "B",
        "name": "b"
      }
    ],
    "formula": ""
  },
  {
    "slug": "calc-16",
    "title": "Sample Calculator 16",
    "description": "This is an autogenerated calculator for demo #16",
    "category": "Conversion",
    "inputs": [
      {
        "label": "A",
        "name": "a"
      },
      {
        "label": "B",
        "name": "b"
      }
    ],
    "formula": ""
  },
  {
    "slug": "calc-17",
    "title": "Sample Calculator 17",
    "description": "This is an autogenerated calculator for demo #17",
    "category": "Grade",
    "inputs": [
      {
        "label": "A",
        "name": "a"
      },
      {
        "label": "B",
        "name": "b"
      }
    ],
    "formula": ""
  },
  {
    "slug": "calc-18",
    "title": "Sample Calculator 18",
    "description": "This is an autogenerated calculator for demo #18",
    "category": "Computer",
    "inputs": [
      {
        "label": "A",
        "name": "a"
      },
      {
        "label": "B",
        "name": "b"
      }
    ],
    "formula": ""
  },
  {
    "slug": "calc-19",
    "title": "Sample Calculator 19",
    "description": "This is an autogenerated calculator for demo #19",
    "category": "Math",
    "inputs": [
      {
        "label": "A",
        "name": "a"
      },
      {
        "label": "B",
        "name": "b"
      }
    ],
    "formula": ""
  },
  {
    "slug": "calc-20",
    "title": "Sample Calculator 20",
    "description": "This is an autogenerated calculator for demo #20",
    "category": "Thermal",
    "inputs": [
      {
        "label": "A",
        "name": "a"
      },
      {
        "label": "B",
        "name": "b"
      }
    ],
    "formula": ""
  },
  {
    "slug": "calc-21",
    "title": "Sample Calculator 21",
    "description": "This is an autogenerated calculator for demo #21",
    "category": "Conversion",
    "inputs": [
      {
        "label": "A",
        "name": "a"
      },
      {
        "label": "B",
        "name": "b"
      }
    ],
    "formula": ""
  },
  {
    "slug": "calc-22",
    "title": "Sample Calculator 22",
    "description": "This is an autogenerated calculator for demo #22",
    "category": "Finance",
    "inputs": [
      {
        "label": "A",
        "name": "a"
      },
      {
        "label": "B",
        "name": "b"
      }
    ],
    "formula": ""
  },
  {
    "slug": "calc-23",
    "title": "Sample Calculator 23",
    "description": "This is an autogenerated calculator for demo #23",
    "category": "Thermal",
    "inputs": [
      {
        "label": "A",
        "name": "a"
      },
      {
        "label": "B",
        "name": "b"
      }
    ],
    "formula": ""
  },
  {
    "slug": "calc-24",
    "title": "Sample Calculator 24",
    "description": "This is an autogenerated calculator for demo #24",
    "category": "Conversion",
    "inputs": [
      {
        "label": "A",
        "name": "a"
      },
      {
        "label": "B",
        "name": "b"
      }
    ],
    "formula": ""
  },
  {
    "slug": "calc-25",
    "title": "Sample Calculator 25",
    "description": "This is an autogenerated calculator for demo #25",
    "category": "Time",
    "inputs": [
      {
        "label": "A",
        "name": "a"
      },
      {
        "label": "B",
        "name": "b"
      }
    ],
    "formula": ""
  },
  {
    "slug": "calc-26",
    "title": "Sample Calculator 26",
    "description": "This is an autogenerated calculator for demo #26",
    "category": "Computer",
    "inputs": [
      {
        "label": "A",
        "name": "a"
      },
      {
        "label": "B",
        "name": "b"
      }
    ],
    "formula": ""
  },
  {
    "slug": "calc-27",
    "title": "Sample Calculator 27",
    "description": "This is an autogenerated calculator for demo #27",
    "category": "Health",
    "inputs": [
      {
        "label": "A",
        "name": "a"
      },
      {
        "label": "B",
        "name": "b"
      }
    ],
    "formula": ""
  },
  {
    "slug": "calc-28",
    "title": "Sample Calculator 28",
    "description": "This is an autogenerated calculator for demo #28",
    "category": "Finance",
    "inputs": [
      {
        "label": "A",
        "name": "a"
      },
      {
        "label": "B",
        "name": "b"
      }
    ],
    "formula": ""
  },
  {
    "slug": "calc-29",
    "title": "Sample Calculator 29",
    "description": "This is an autogenerated calculator for demo #29",
    "category": "Thermal",
    "inputs": [
      {
        "label": "A",
        "name": "a"
      },
      {
        "label": "B",
        "name": "b"
      }
    ],
    "formula": ""
  },
  {
    "slug": "calc-30",
    "title": "Sample Calculator 30",
    "description": "This is an autogenerated calculator for demo #30",
    "category": "Finance",
    "inputs": [
      {
        "label": "A",
        "name": "a"
      },
      {
        "label": "B",
        "name": "b"
      }
    ],
    "formula": ""
  },
  {
    "slug": "calc-31",
    "title": "Sample Calculator 31",
    "description": "This is an autogenerated calculator for demo #31",
    "category": "Physics",
    "inputs": [
      {
        "label": "A",
        "name": "a"
      },
      {
        "label": "B",
        "name": "b"
      }
    ],
    "formula": ""
  },
  {
    "slug": "calc-32",
    "title": "Sample Calculator 32",
    "description": "This is an autogenerated calculator for demo #32",
    "category": "Online Tools",
    "inputs": [
      {
        "label": "A",
        "name": "a"
      },
      {
        "label": "B",
        "name": "b"
      }
    ],
    "formula": ""
  },
  {
    "slug": "calc-33",
    "title": "Sample Calculator 33",
    "description": "This is an autogenerated calculator for demo #33",
    "category": "Time",
    "inputs": [
      {
        "label": "A",
        "name": "a"
      },
      {
        "label": "B",
        "name": "b"
      }
    ],
    "formula": ""
  },
  {
    "slug": "calc-34",
    "title": "Sample Calculator 34",
    "description": "This is an autogenerated calculator for demo #34",
    "category": "Mechanical",
    "inputs": [
      {
        "label": "A",
        "name": "a"
      },
      {
        "label": "B",
        "name": "b"
      }
    ],
    "formula": ""
  },
  {
    "slug": "calc-35",
    "title": "Sample Calculator 35",
    "description": "This is an autogenerated calculator for demo #35",
    "category": "Online Tools",
    "inputs": [
      {
        "label": "A",
        "name": "a"
      },
      {
        "label": "B",
        "name": "b"
      }
    ],
    "formula": ""
  },
  {
    "slug": "calc-36",
    "title": "Sample Calculator 36",
    "description": "This is an autogenerated calculator for demo #36",
    "category": "Mechanical",
    "inputs": [
      {
        "label": "A",
        "name": "a"
      },
      {
        "label": "B",
        "name": "b"
      }
    ],
    "formula": ""
  },
  {
    "slug": "calc-37",
    "title": "Sample Calculator 37",
    "description": "This is an autogenerated calculator for demo #37",
    "category": "Mechanical",
    "inputs": [
      {
        "label": "A",
        "name": "a"
      },
      {
        "label": "B",
        "name": "b"
      }
    ],
    "formula": ""
  },
  {
    "slug": "calc-38",
    "title": "Sample Calculator 38",
    "description": "This is an autogenerated calculator for demo #38",
    "category": "Health",
    "inputs": [
      {
        "label": "A",
        "name": "a"
      },
      {
        "label": "B",
        "name": "b"
      }
    ],
    "formula": ""
  },
  {
    "slug": "calc-39",
    "title": "Sample Calculator 39",
    "description": "This is an autogenerated calculator for demo #39",
    "category": "Wire",
    "inputs": [
      {
        "label": "A",
        "name": "a"
      },
      {
        "label": "B",
        "name": "b"
      }
    ],
    "formula": ""
  },
  {
    "slug": "calc-40",
    "title": "Sample Calculator 40",
    "description": "This is an autogenerated calculator for demo #40",
    "category": "Thermal",
    "inputs": [
      {
        "label": "A",
        "name": "a"
      },
      {
        "label": "B",
        "name": "b"
      }
    ],
    "formula": ""
  },
  {
    "slug": "calc-41",
    "title": "Sample Calculator 41",
    "description": "This is an autogenerated calculator for demo #41",
    "category": "Electrical",
    "inputs": [
      {
        "label": "A",
        "name": "a"
      },
      {
        "label": "B",
        "name": "b"
      }
    ],
    "formula": ""
  },
  {
    "slug": "calc-42",
    "title": "Sample Calculator 42",
    "description": "This is an autogenerated calculator for demo #42",
    "category": "Math",
    "inputs": [
      {
        "label": "A",
        "name": "a"
      },
      {
        "label": "B",
        "name": "b"
      }
    ],
    "formula": ""
  },
  {
    "slug": "calc-43",
    "title": "Sample Calculator 43",
    "description": "This is an autogenerated calculator for demo #43",
    "category": "Physics",
    "inputs": [
      {
        "label": "A",
        "name": "a"
      },
      {
        "label": "B",
        "name": "b"
      }
    ],
    "formula": ""
  },
  {
    "slug": "calc-44",
    "title": "Sample Calculator 44",
    "description": "This is an autogenerated calculator for demo #44",
    "category": "Grade",
    "inputs": [
      {
        "label": "A",
        "name": "a"
      },
      {
        "label": "B",
        "name": "b"
      }
    ],
    "formula": ""
  },
  {
    "slug": "calc-45",
    "title": "Sample Calculator 45",
    "description": "This is an autogenerated calculator for demo #45",
    "category": "Time",
    "inputs": [
      {
        "label": "A",
        "name": "a"
      },
      {
        "label": "B",
        "name": "b"
      }
    ],
    "formula": ""
  },
  {
    "slug": "calc-46",
    "title": "Sample Calculator 46",
    "description": "This is an autogenerated calculator for demo #46",
    "category": "Health",
    "inputs": [
      {
        "label": "A",
        "name": "a"
      },
      {
        "label": "B",
        "name": "b"
      }
    ],
    "formula": ""
  },
  {
    "slug": "calc-47",
    "title": "Sample Calculator 47",
    "description": "This is an autogenerated calculator for demo #47",
    "category": "Mechanical",
    "inputs": [
      {
        "label": "A",
        "name": "a"
      },
      {
        "label": "B",
        "name": "b"
      }
    ],
    "formula": ""
  },
  {
    "slug": "calc-48",
    "title": "Sample Calculator 48",
    "description": "This is an autogenerated calculator for demo #48",
    "category": "Health",
    "inputs": [
      {
        "label": "A",
        "name": "a"
      },
      {
        "label": "B",
        "name": "b"
      }
    ],
    "formula": ""
  },
  {
    "slug": "calc-49",
    "title": "Sample Calculator 49",
    "description": "This is an autogenerated calculator for demo #49",
    "category": "Wire",
    "inputs": [
      {
        "label": "A",
        "name": "a"
      },
      {
        "label": "B",
        "name": "b"
      }
    ],
    "formula": ""
  },
  {
    "slug": "calc-50",
    "title": "Sample Calculator 50",
    "description": "This is an autogenerated calculator for demo #50",
    "category": "Physics",
    "inputs": [
      {
        "label": "A",
        "name": "a"
      },
      {
        "label": "B",
        "name": "b"
      }
    ],
    "formula": ""
  },
  {
    "slug": "calc-51",
    "title": "Sample Calculator 51",
    "description": "This is an autogenerated calculator for demo #51",
    "category": "Online Tools",
    "inputs": [
      {
        "label": "A",
        "name": "a"
      },
      {
        "label": "B",
        "name": "b"
      }
    ],
    "formula": ""
  },
  {
    "slug": "calc-52",
    "title": "Sample Calculator 52",
    "description": "This is an autogenerated calculator for demo #52",
    "category": "Time",
    "inputs": [
      {
        "label": "A",
        "name": "a"
      },
      {
        "label": "B",
        "name": "b"
      }
    ],
    "formula": ""
  },
  {
    "slug": "calc-53",
    "title": "Sample Calculator 53",
    "description": "This is an autogenerated calculator for demo #53",
    "category": "Finance",
    "inputs": [
      {
        "label": "A",
        "name": "a"
      },
      {
        "label": "B",
        "name": "b"
      }
    ],
    "formula": ""
  },
  {
    "slug": "calc-54",
    "title": "Sample Calculator 54",
    "description": "This is an autogenerated calculator for demo #54",
    "category": "Online Tools",
    "inputs": [
      {
        "label": "A",
        "name": "a"
      },
      {
        "label": "B",
        "name": "b"
      }
    ],
    "formula": ""
  },
  {
    "slug": "calc-55",
    "title": "Sample Calculator 55",
    "description": "This is an autogenerated calculator for demo #55",
    "category": "Computer",
    "inputs": [
      {
        "label": "A",
        "name": "a"
      },
      {
        "label": "B",
        "name": "b"
      }
    ],
    "formula": ""
  },
  {
    "slug": "calc-56",
    "title": "Sample Calculator 56",
    "description": "This is an autogenerated calculator for demo #56",
    "category": "Mechanical",
    "inputs": [
      {
        "label": "A",
        "name": "a"
      },
      {
        "label": "B",
        "name": "b"
      }
    ],
    "formula": ""
  },
  {
    "slug": "calc-57",
    "title": "Sample Calculator 57",
    "description": "This is an autogenerated calculator for demo #57",
    "category": "Online Tools",
    "inputs": [
      {
        "label": "A",
        "name": "a"
      },
      {
        "label": "B",
        "name": "b"
      }
    ],
    "formula": ""
  },
  {
    "slug": "calc-58",
    "title": "Sample Calculator 58",
    "description": "This is an autogenerated calculator for demo #58",
    "category": "Online Tools",
    "inputs": [
      {
        "label": "A",
        "name": "a"
      },
      {
        "label": "B",
        "name": "b"
      }
    ],
    "formula": ""
  },
  {
    "slug": "calc-59",
    "title": "Sample Calculator 59",
    "description": "This is an autogenerated calculator for demo #59",
    "category": "Math",
    "inputs": [
      {
        "label": "A",
        "name": "a"
      },
      {
        "label": "B",
        "name": "b"
      }
    ],
    "formula": ""
  },
  {
    "slug": "calc-60",
    "title": "Sample Calculator 60",
    "description": "This is an autogenerated calculator for demo #60",
    "category": "Electrical",
    "inputs": [
      {
        "label": "A",
        "name": "a"
      },
      {
        "label": "B",
        "name": "b"
      }
    ],
    "formula": ""
  },
  {
    "slug": "calc-61",
    "title": "Sample Calculator 61",
    "description": "This is an autogenerated calculator for demo #61",
    "category": "Lighting",
    "inputs": [
      {
        "label": "A",
        "name": "a"
      },
      {
        "label": "B",
        "name": "b"
      }
    ],
    "formula": ""
  },
  {
    "slug": "calc-62",
    "title": "Sample Calculator 62",
    "description": "This is an autogenerated calculator for demo #62",
    "category": "Time",
    "inputs": [
      {
        "label": "A",
        "name": "a"
      },
      {
        "label": "B",
        "name": "b"
      }
    ],
    "formula": ""
  },
  {
    "slug": "calc-63",
    "title": "Sample Calculator 63",
    "description": "This is an autogenerated calculator for demo #63",
    "category": "Conversion",
    "inputs": [
      {
        "label": "A",
        "name": "a"
      },
      {
        "label": "B",
        "name": "b"
      }
    ],
    "formula": ""
  },
  {
    "slug": "calc-64",
    "title": "Sample Calculator 64",
    "description": "This is an autogenerated calculator for demo #64",
    "category": "Conversion",
    "inputs": [
      {
        "label": "A",
        "name": "a"
      },
      {
        "label": "B",
        "name": "b"
      }
    ],
    "formula": ""
  },
  {
    "slug": "calc-65",
    "title": "Sample Calculator 65",
    "description": "This is an autogenerated calculator for demo #65",
    "category": "Wire",
    "inputs": [
      {
        "label": "A",
        "name": "a"
      },
      {
        "label": "B",
        "name": "b"
      }
    ],
    "formula": ""
  },
  {
    "slug": "calc-66",
    "title": "Sample Calculator 66",
    "description": "This is an autogenerated calculator for demo #66",
    "category": "Math",
    "inputs": [
      {
        "label": "A",
        "name": "a"
      },
      {
        "label": "B",
        "name": "b"
      }
    ],
    "formula": ""
  },
  {
    "slug": "calc-67",
    "title": "Sample Calculator 67",
    "description": "This is an autogenerated calculator for demo #67",
    "category": "Mechanical",
    "inputs": [
      {
        "label": "A",
        "name": "a"
      },
      {
        "label": "B",
        "name": "b"
      }
    ],
    "formula": ""
  },
  {
    "slug": "calc-68",
    "title": "Sample Calculator 68",
    "description": "This is an autogenerated calculator for demo #68",
    "category": "Math",
    "inputs": [
      {
        "label": "A",
        "name": "a"
      },
      {
        "label": "B",
        "name": "b"
      }
    ],
    "formula": ""
  },
  {
    "slug": "calc-69",
    "title": "Sample Calculator 69",
    "description": "This is an autogenerated calculator for demo #69",
    "category": "Lighting",
    "inputs": [
      {
        "label": "A",
        "name": "a"
      },
      {
        "label": "B",
        "name": "b"
      }
    ],
    "formula": ""
  },
  {
    "slug": "calc-70",
    "title": "Sample Calculator 70",
    "description": "This is an autogenerated calculator for demo #70",
    "category": "Thermal",
    "inputs": [
      {
        "label": "A",
        "name": "a"
      },
      {
        "label": "B",
        "name": "b"
      }
    ],
    "formula": ""
  },
  {
    "slug": "calc-71",
    "title": "Sample Calculator 71",
    "description": "This is an autogenerated calculator for demo #71",
    "category": "Grade",
    "inputs": [
      {
        "label": "A",
        "name": "a"
      },
      {
        "label": "B",
        "name": "b"
      }
    ],
    "formula": ""
  },
  {
    "slug": "calc-72",
    "title": "Sample Calculator 72",
    "description": "This is an autogenerated calculator for demo #72",
    "category": "Health",
    "inputs": [
      {
        "label": "A",
        "name": "a"
      },
      {
        "label": "B",
        "name": "b"
      }
    ],
    "formula": ""
  },
  {
    "slug": "calc-73",
    "title": "Sample Calculator 73",
    "description": "This is an autogenerated calculator for demo #73",
    "category": "Online Tools",
    "inputs": [
      {
        "label": "A",
        "name": "a"
      },
      {
        "label": "B",
        "name": "b"
      }
    ],
    "formula": ""
  },
  {
    "slug": "calc-74",
    "title": "Sample Calculator 74",
    "description": "This is an autogenerated calculator for demo #74",
    "category": "Computer",
    "inputs": [
      {
        "label": "A",
        "name": "a"
      },
      {
        "label": "B",
        "name": "b"
      }
    ],
    "formula": ""
  },
  {
    "slug": "calc-75",
    "title": "Sample Calculator 75",
    "description": "This is an autogenerated calculator for demo #75",
    "category": "Physics",
    "inputs": [
      {
        "label": "A",
        "name": "a"
      },
      {
        "label": "B",
        "name": "b"
      }
    ],
    "formula": ""
  },
  {
    "slug": "calc-76",
    "title": "Sample Calculator 76",
    "description": "This is an autogenerated calculator for demo #76",
    "category": "Mechanical",
    "inputs": [
      {
        "label": "A",
        "name": "a"
      },
      {
        "label": "B",
        "name": "b"
      }
    ],
    "formula": ""
  },
  {
    "slug": "calc-77",
    "title": "Sample Calculator 77",
    "description": "This is an autogenerated calculator for demo #77",
    "category": "Online Tools",
    "inputs": [
      {
        "label": "A",
        "name": "a"
      },
      {
        "label": "B",
        "name": "b"
      }
    ],
    "formula": ""
  },
  {
    "slug": "calc-78",
    "title": "Sample Calculator 78",
    "description": "This is an autogenerated calculator for demo #78",
    "category": "Health",
    "inputs": [
      {
        "label": "A",
        "name": "a"
      },
      {
        "label": "B",
        "name": "b"
      }
    ],
    "formula": ""
  },
  {
    "slug": "calc-79",
    "title": "Sample Calculator 79",
    "description": "This is an autogenerated calculator for demo #79",
    "category": "Computer",
    "inputs": [
      {
        "label": "A",
        "name": "a"
      },
      {
        "label": "B",
        "name": "b"
      }
    ],
    "formula": ""
  },
  {
    "slug": "calc-80",
    "title": "Sample Calculator 80",
    "description": "This is an autogenerated calculator for demo #80",
    "category": "Conversion",
    "inputs": [
      {
        "label": "A",
        "name": "a"
      },
      {
        "label": "B",
        "name": "b"
      }
    ],
    "formula": ""
  },
  {
    "slug": "calc-81",
    "title": "Sample Calculator 81",
    "description": "This is an autogenerated calculator for demo #81",
    "category": "Electrical",
    "inputs": [
      {
        "label": "A",
        "name": "a"
      },
      {
        "label": "B",
        "name": "b"
      }
    ],
    "formula": ""
  },
  {
    "slug": "calc-82",
    "title": "Sample Calculator 82",
    "description": "This is an autogenerated calculator for demo #82",
    "category": "Finance",
    "inputs": [
      {
        "label": "A",
        "name": "a"
      },
      {
        "label": "B",
        "name": "b"
      }
    ],
    "formula": ""
  },
  {
    "slug": "calc-83",
    "title": "Sample Calculator 83",
    "description": "This is an autogenerated calculator for demo #83",
    "category": "Thermal",
    "inputs": [
      {
        "label": "A",
        "name": "a"
      },
      {
        "label": "B",
        "name": "b"
      }
    ],
    "formula": ""
  },
  {
    "slug": "calc-84",
    "title": "Sample Calculator 84",
    "description": "This is an autogenerated calculator for demo #84",
    "category": "Grade",
    "inputs": [
      {
        "label": "A",
        "name": "a"
      },
      {
        "label": "B",
        "name": "b"
      }
    ],
    "formula": ""
  },
  {
    "slug": "calc-85",
    "title": "Sample Calculator 85",
    "description": "This is an autogenerated calculator for demo #85",
    "category": "Math",
    "inputs": [
      {
        "label": "A",
        "name": "a"
      },
      {
        "label": "B",
        "name": "b"
      }
    ],
    "formula": ""
  },
  {
    "slug": "calc-86",
    "title": "Sample Calculator 86",
    "description": "This is an autogenerated calculator for demo #86",
    "category": "Thermal",
    "inputs": [
      {
        "label": "A",
        "name": "a"
      },
      {
        "label": "B",
        "name": "b"
      }
    ],
    "formula": ""
  },
  {
    "slug": "calc-87",
    "title": "Sample Calculator 87",
    "description": "This is an autogenerated calculator for demo #87",
    "category": "Math",
    "inputs": [
      {
        "label": "A",
        "name": "a"
      },
      {
        "label": "B",
        "name": "b"
      }
    ],
    "formula": ""
  },
  {
    "slug": "calc-88",
    "title": "Sample Calculator 88",
    "description": "This is an autogenerated calculator for demo #88",
    "category": "Mechanical",
    "inputs": [
      {
        "label": "A",
        "name": "a"
      },
      {
        "label": "B",
        "name": "b"
      }
    ],
    "formula": ""
  },
  {
    "slug": "calc-89",
    "title": "Sample Calculator 89",
    "description": "This is an autogenerated calculator for demo #89",
    "category": "Electrical",
    "inputs": [
      {
        "label": "A",
        "name": "a"
      },
      {
        "label": "B",
        "name": "b"
      }
    ],
    "formula": ""
  },
  {
    "slug": "calc-90",
    "title": "Sample Calculator 90",
    "description": "This is an autogenerated calculator for demo #90",
    "category": "Wire",
    "inputs": [
      {
        "label": "A",
        "name": "a"
      },
      {
        "label": "B",
        "name": "b"
      }
    ],
    "formula": ""
  },
  {
    "slug": "calc-91",
    "title": "Sample Calculator 91",
    "description": "This is an autogenerated calculator for demo #91",
    "category": "Electrical",
    "inputs": [
      {
        "label": "A",
        "name": "a"
      },
      {
        "label": "B",
        "name": "b"
      }
    ],
    "formula": ""
  },
  {
    "slug": "calc-92",
    "title": "Sample Calculator 92",
    "description": "This is an autogenerated calculator for demo #92",
    "category": "Conversion",
    "inputs": [
      {
        "label": "A",
        "name": "a"
      },
      {
        "label": "B",
        "name": "b"
      }
    ],
    "formula": ""
  },
  {
    "slug": "calc-93",
    "title": "Sample Calculator 93",
    "description": "This is an autogenerated calculator for demo #93",
    "category": "Electrical",
    "inputs": [
      {
        "label": "A",
        "name": "a"
      },
      {
        "label": "B",
        "name": "b"
      }
    ],
    "formula": ""
  },
  {
    "slug": "calc-94",
    "title": "Sample Calculator 94",
    "description": "This is an autogenerated calculator for demo #94",
    "category": "Lighting",
    "inputs": [
      {
        "label": "A",
        "name": "a"
      },
      {
        "label": "B",
        "name": "b"
      }
    ],
    "formula": ""
  },
  {
    "slug": "calc-95",
    "title": "Sample Calculator 95",
    "description": "This is an autogenerated calculator for demo #95",
    "category": "Online Tools",
    "inputs": [
      {
        "label": "A",
        "name": "a"
      },
      {
        "label": "B",
        "name": "b"
      }
    ],
    "formula": ""
  },
  {
    "slug": "calc-96",
    "title": "Sample Calculator 96",
    "description": "This is an autogenerated calculator for demo #96",
    "category": "Wire",
    "inputs": [
      {
        "label": "A",
        "name": "a"
      },
      {
        "label": "B",
        "name": "b"
      }
    ],
    "formula": ""
  },
  {
    "slug": "calc-97",
    "title": "Sample Calculator 97",
    "description": "This is an autogenerated calculator for demo #97",
    "category": "Conversion",
    "inputs": [
      {
        "label": "A",
        "name": "a"
      },
      {
        "label": "B",
        "name": "b"
      }
    ],
    "formula": ""
  },
  {
    "slug": "calc-98",
    "title": "Sample Calculator 98",
    "description": "This is an autogenerated calculator for demo #98",
    "category": "Lighting",
    "inputs": [
      {
        "label": "A",
        "name": "a"
      },
      {
        "label": "B",
        "name": "b"
      }
    ],
    "formula": ""
  },
  {
    "slug": "calc-99",
    "title": "Sample Calculator 99",
    "description": "This is an autogenerated calculator for demo #99",
    "category": "Wire",
    "inputs": [
      {
        "label": "A",
        "name": "a"
      },
      {
        "label": "B",
        "name": "b"
      }
    ],
    "formula": ""
  },
  {
    "slug": "calc-100",
    "title": "Sample Calculator 100",
    "description": "This is an autogenerated calculator for demo #100",
    "category": "Conversion",
    "inputs": [
      {
        "label": "A",
        "name": "a"
      },
      {
        "label": "B",
        "name": "b"
      }
    ],
    "formula": ""
  }
]